Basho,Overall,Arashio,Asahiyama,Asakayama,Dewanoumi,Fujishima,Futagoyama,Hakkaku,Hanaregoma,Irumagawa,Isegahama,Isenoumi,Kasugano,Kataonami,Kise,Kokonoe,Michinoku,Minato,Miyagino,Musashigawa,Naruto,Nishiiwa,Nishikido,Nishonoseki,Oitekaze,Onoe,Onomatsu,Oshima,Oshiogawa,Otake,Sadogatake,Sakaigawa,Shibatayama,Shikihide,Shikoroyama,Tagonoura,Takadagawa,Takasago,Takekuma,Tamanoi,Tatsunami,Tokitsukaze,Tokiwayama,Yamahibiki
1757.10,,,,,,,,,,,,,,,,,,,,,,,,,,,,,,,,,,,,,,,,,,,,
1758.03,,,,,,,,,,,,,,,,,,,,,,,,,,,,,,,,,,,,,,,,,,,,
1758.10,,,,,,,,,,,,,,,,,,,,,,,,,,,,,,,,,,,,,,,,,,,,
1759.03,,,,,,,,,,,,,,,,,,,,,,,,,,,,,,,,,,,,,,,,,,,,
1762.03,,,,,,,,,,,,,,,,,,,,,,,,,,,,,,,,,,,,,,,,,,,,
1763.10,,,,,,,,,,,,,,,,,,,,,,,,,,,,,,,,,,,,,,,,,,,,
1764.03,,,,,,,,,,,,,,,,,,,,,,,,,,,,,,,,,,,,,,,,,,,,
1764.10,,,,,,,,,,,,,,,,,,,,,,,,,,,,,,,,,,,,,,,,,,,,
1765.03,,,,,,,,,,,,,,,,,,,,,,,,,,,,,,,,,,,,,,,,,,,,
1765.10,,,,,,,,,,,,,,,,,,,,,,,,,,,,,,,,,,,,,,,,,,,,
1766.03,,,,,,,,,,,,,,,,,,,,,,,,,,,,,,,,,,,,,,,,,,,,
1766.10,,,,,,,,,,,,,,,,,,,,,,,,,,,,,,,,,,,,,,,,,,,,
1767.03,,,,,,,,,,,,,,,,,,,,,,,,,,,,,,,,,,,,,,,,,,,,
1767.10,,,,,,,,,,,,,,,,,,,,,,,,,,,,,,,,,,,,,,,,,,,,
1768.09,,,,,,,,,,,,,,,,,,,,,,,,,,,,,,,,,,,,,,,,,,,,
1768.11,,,,,,,,,,,,,,,,,,,,,,,,,,,,,,,,,,,,,,,,,,,,
1769.04,,,,,,,,,,,,,,,,,,,,,,,,,,,,,,,,,,,,,,,,,,,,
1769.10,,,,,,,,,,,,,,,,,,,,,,,,,,,,,,,,,,,,,,,,,,,,
1770.03,,,,,,,,,,,,,,,,,,,,,,,,,,,,,,,,,,,,,,,,,,,,
1770.11,,,,,,,,,,,,,,,,,,,,,,,,,,,,,,,,,,,,,,,,,,,,
1771.03,,,,,,,,,,,,,,,,,,,,,,,,,,,,,,,,,,,,,,,,,,,,
1771.10,,,,,,,,,,,,,,,,,,,,,,,,,,,,,,,,,,,,,,,,,,,,
1772.11,,,,,,,,,,,,,,,,,,,,,,,,,,,,,,,,,,,,,,,,,,,,
1773.03,,,,,,,,,,,,,,,,,,,,,,,,,,,,,,,,,,,,,,,,,,,,
1773.10,,,,,,,,,,,,,,,,,,,,,,,,,,,,,,,,,,,,,,,,,,,,
1774.04,,,,,,,,,,,,,,,,,,,,,,,,,,,,,,,,,,,,,,,,,,,,
1774.10,,,,,,,,,,,,,,,,,,,,,,,,,,,,,,,,,,,,,,,,,,,,
1775.03,,,,,,,,,,,,,,,,,,,,,,,,,,,,,,,,,,,,,,,,,,,,
1775.10,,,,,,,,,,,,,,,,,,,,,,,,,,,,,,,,,,,,,,,,,,,,
1776.01,,,,,,,,,,,,,,,,,,,,,,,,,,,,,,,,,,,,,,,,,,,,
1776.10,,,,,,,,,,,,,,,,,,,,,,,,,,,,,,,,,,,,,,,,,,,,
1777.04,,,,,,,,,,,,,,,,,,,,,,,,,,,,,,,,,,,,,,,,,,,,
1777.10,,,,,,,,,,,,,,,,,,,,,,,,,,,,,,,,,,,,,,,,,,,,
1778.03,,,,,,,,,,,,,,,,,,,,,,,,,,,,,,,,,,,,,,,,,,,,
1778.11,,,,,,,,,,,,,,,,,,,,,,,,,,,,,,,,,,,,,,,,,,,,
1779.03,,,,,,,,,,,,,,,,,,,,,,,,,,,,,,,,,,,,,,,,,,,,
1779.10,,,,,,,,,,,,,,,,,,,,,,,,,,,,,,,,,,,,,,,,,,,,
1780.03,,,,,,,,,,,,,,,,,,,,,,,,,,,,,,,,,,,,,,,,,,,,
1780.10,,,,,,,,,,,,,,,,,,,,,,,,,,,,,,,,,,,,,,,,,,,,
1781.03,,,,,,,,,,,,,,,,,,,,,,,,,,,,,,,,,,,,,,,,,,,,
1781.10,,,,,,,,,,,,,,,,,,,,,,,,,,,,,,,,,,,,,,,,,,,,
1782.02,,,,,,,,,,,,,,,,,,,,,,,,,,,,,,,,,,,,,,,,,,,,
1782.10,,,,,,,,,,,,,,,,,,,,,,,,,,,,,,,,,,,,,,,,,,,,
1783.03,,,,,,,,,,,,,,,,,,,,,,,,,,,,,,,,,,,,,,,,,,,,
1783.11,,,,,,,,,,,,,,,,,,,,,,,,,,,,,,,,,,,,,,,,,,,,
1784.03,,,,,,,,,,,,,,,,,,,,,,,,,,,,,,,,,,,,,,,,,,,,
1784.11,,,,,,,,,,,,,,,,,,,,,,,,,,,,,,,,,,,,,,,,,,,,
1786.03,,,,,,,,,,,,,,,,,,,,,,,,,,,,,,,,,,,,,,,,,,,,
1786.11,,,,,,,,,,,,,,,,,,,,,,,,,,,,,,,,,,,,,,,,,,,,
1787.05,,,,,,,,,,,,,,,,,,,,,,,,,,,,,,,,,,,,,,,,,,,,
1787.11,,,,,,,,,,,,,,,,,,,,,,,,,,,,,,,,,,,,,,,,,,,,
1788.04,,,,,,,,,,,,,,,,,,,,,,,,,,,,,,,,,,,,,,,,,,,,
1788.11,,,,,,,,,,,,,,,,,,,,,,,,,,,,,,,,,,,,,,,,,,,,
1789.03,,,,,,,,,,,,,,,,,,,,,,,,,,,,,,,,,,,,,,,,,,,,
1789.11,,,,,,,,,,,,,,,,,,,,,,,,,,,,,,,,,,,,,,,,,,,,
1790.03,,,,,,,,,,,,,,,,,,,,,,,,,,,,,,,,,,,,,,,,,,,,
1790.11,,,,,,,,,,,,,,,,,,,,,,,,,,,,,,,,,,,,,,,,,,,,
1791.06,,,,,,,,,,,,,,,,,,,,,,,,,,,,,,,,,,,,,,,,,,,,
1791.11,,,,,,,,,,,,,,,,,,,,,,,,,,,,,,,,,,,,,,,,,,,,
1792.03,,,,,,,,,,,,,,,,,,,,,,,,,,,,,,,,,,,,,,,,,,,,
1792.11,,,,,,,,,,,,,,,,,,,,,,,,,,,,,,,,,,,,,,,,,,,,
1793.03,,,,,,,,,,,,,,,,,,,,,,,,,,,,,,,,,,,,,,,,,,,,
1793.10,,,,,,,,,,,,,,,,,,,,,,,,,,,,,,,,,,,,,,,,,,,,
1794.03,,,,,,,,,,,,,,,,,,,,,,,,,,,,,,,,,,,,,,,,,,,,
1794.11,,,,,,,,,,,,,,,,,,,,,,,,,,,,,,,,,,,,,,,,,,,,
1795.03,,,,,,,,,,,,,,,,,,,,,,,,,,,,,,,,,,,,,,,,,,,,
1795.11,,,,,,,,,,,,,,,,,,,,,,,,,,,,,,,,,,,,,,,,,,,,
1796.03,,,,,,,,,,,,,,,,,,,,,,,,,,,,,,,,,,,,,,,,,,,,
1796.10,,,,,,,,,,,,,,,,,,,,,,,,,,,,,,,,,,,,,,,,,,,,
1797.03,,,,,,,,,,,,,,,,,,,,,,,,,,,,,,,,,,,,,,,,,,,,
1797.10,,,,,,,,,,,,,,,,,,,,,,,,,,,,,,,,,,,,,,,,,,,,
1798.03,,,,,,,,,,,,,,,,,,,,,,,,,,,,,,,,,,,,,,,,,,,,
1798.10,,,,,,,,,,,,,,,,,,,,,,,,,,,,,,,,,,,,,,,,,,,,
1799.02,,,,,,,,,,,,,,,,,,,,,,,,,,,,,,,,,,,,,,,,,,,,
1799.11,,,,,,,,,,,,,,,,,,,,,,,,,,,,,,,,,,,,,,,,,,,,
1800.04,,,,,,,,,,,,,,,,,,,,,,,,,,,,,,,,,,,,,,,,,,,,
1800.10,,,,,,,,,,,,,,,,,,,,,,,,,,,,,,,,,,,,,,,,,,,,
1801.03,,,,,,,,,,,,,,,,,,,,,,,,,,,,,,,,,,,,,,,,,,,,
1801.11,,,,,,,,,,,,,,,,,,,,,,,,,,,,,,,,,,,,,,,,,,,,
1802.02,,,,,,,,,,,,,,,,,,,,,,,,,,,,,,,,,,,,,,,,,,,,
1802.11,,,,,,,,,,,,,,,,,,,,,,,,,,,,,,,,,,,,,,,,,,,,
1803.05,,,,,,,,,,,,,,,,,,,,,,,,,,,,,,,,,,,,,,,,,,,,
1803.10,,,,,,,,,,,,,,,,,,,,,,,,,,,,,,,,,,,,,,,,,,,,
1804.03,,,,,,,,,,,,,,,,,,,,,,,,,,,,,,,,,,,,,,,,,,,,
1804.10,,,,,,,,,,,,,,,,,,,,,,,,,,,,,,,,,,,,,,,,,,,,
1805.02,,,,,,,,,,,,,,,,,,,,,,,,,,,,,,,,,,,,,,,,,,,,
1805.10,,,,,,,,,,,,,,,,,,,,,,,,,,,,,,,,,,,,,,,,,,,,
1806.02,,,,,,,,,,,,,,,,,,,,,,,,,,,,,,,,,,,,,,,,,,,,
1806.10,,,,,,,,,,,,,,,,,,,,,,,,,,,,,,,,,,,,,,,,,,,,
1807.02,,,,,,,,,,,,,,,,,,,,,,,,,,,,,,,,,,,,,,,,,,,,
1807.11,,,,,,,,,,,,,,,,,,,,,,,,,,,,,,,,,,,,,,,,,,,,
1808.03,,,,,,,,,,,,,,,,,,,,,,,,,,,,,,,,,,,,,,,,,,,,
1808.10,,,,,,,,,,,,,,,,,,,,,,,,,,,,,,,,,,,,,,,,,,,,
1809.02,,,,,,,,,,,,,,,,,,,,,,,,,,,,,,,,,,,,,,,,,,,,
1809.10,,,,,,,,,,,,,,,,,,,,,,,,,,,,,,,,,,,,,,,,,,,,
1810.02,,,,,,,,,,,,,,,,,,,,,,,,,,,,,,,,,,,,,,,,,,,,
1810.10,,,,,,,,,,,,,,,,,,,,,,,,,,,,,,,,,,,,,,,,,,,,
1811.02,,,,,,,,,,,,,,,,,,,,,,,,,,,,,,,,,,,,,,,,,,,,
1811.11,,,,,,,,,,,,,,,,,,,,,,,,,,,,,,,,,,,,,,,,,,,,
1812.04,,,,,,,,,,,,,,,,,,,,,,,,,,,,,,,,,,,,,,,,,,,,
1812.11,,,,,,,,,,,,,,,,,,,,,,,,,,,,,,,,,,,,,,,,,,,,
1813.01,,,,,,,,,,,,,,,,,,,,,,,,,,,,,,,,,,,,,,,,,,,,
1813.11,,,,,,,,,,,,,,,,,,,,,,,,,,,,,,,,,,,,,,,,,,,,
1814.04,,,,,,,,,,,,,,,,,,,,,,,,,,,,,,,,,,,,,,,,,,,,
1814.11,,,,,,,,,,,,,,,,,,,,,,,,,,,,,,,,,,,,,,,,,,,,
1815.03,,,,,,,,,,,,,,,,,,,,,,,,,,,,,,,,,,,,,,,,,,,,
1815.11,,,,,,,,,,,,,,,,,,,,,,,,,,,,,,,,,,,,,,,,,,,,
1816.03,,,,,,,,,,,,,,,,,,,,,,,,,,,,,,,,,,,,,,,,,,,,
1816.10,,,,,,,,,,,,,,,,,,,,,,,,,,,,,,,,,,,,,,,,,,,,
1817.01,,,,,,,,,,,,,,,,,,,,,,,,,,,,,,,,,,,,,,,,,,,,
1817.10,,,,,,,,,,,,,,,,,,,,,,,,,,,,,,,,,,,,,,,,,,,,
1818.02,,,,,,,,,,,,,,,,,,,,,,,,,,,,,,,,,,,,,,,,,,,,
1818.10,,,,,,,,,,,,,,,,,,,,,,,,,,,,,,,,,,,,,,,,,,,,
1819.03,,,,,,,,,,,,,,,,,,,,,,,,,,,,,,,,,,,,,,,,,,,,
1819.11,,,,,,,,,,,,,,,,,,,,,,,,,,,,,,,,,,,,,,,,,,,,
1820.03,,,,,,,,,,,,,,,,,,,,,,,,,,,,,,,,,,,,,,,,,,,,
1820.10,,,,,,,,,,,,,,,,,,,,,,,,,,,,,,,,,,,,,,,,,,,,
1821.02,,,,,,,,,,,,,,,,,,,,,,,,,,,,,,,,,,,,,,,,,,,,
1821.10,,,,,,,,,,,,,,,,,,,,,,,,,,,,,,,,,,,,,,,,,,,,
1822.01,,,,,,,,,,,,,,,,,,,,,,,,,,,,,,,,,,,,,,,,,,,,
1822.10,,,,,,,,,,,,,,,,,,,,,,,,,,,,,,,,,,,,,,,,,,,,
1823.02,,,,,,,,,,,,,,,,,,,,,,,,,,,,,,,,,,,,,,,,,,,,
1823.10,,,,,,,,,,,,,,,,,,,,,,,,,,,,,,,,,,,,,,,,,,,,
1824.01,,,,,,,,,,,,,,,,,,,,,,,,,,,,,,,,,,,,,,,,,,,,
1824.10,,,,,,,,,,,,,,,,,,,,,,,,,,,,,,,,,,,,,,,,,,,,
1825.01,,,,,,,,,,,,,,,,,,,,,,,,,,,,,,,,,,,,,,,,,,,,
1825.10,,,,,,,,,,,,,,,,,,,,,,,,,,,,,,,,,,,,,,,,,,,,
1826.01,,,,,,,,,,,,,,,,,,,,,,,,,,,,,,,,,,,,,,,,,,,,
1826.10,,,,,,,,,,,,,,,,,,,,,,,,,,,,,,,,,,,,,,,,,,,,
1827.03,,,,,,,,,,,,,,,,,,,,,,,,,,,,,,,,,,,,,,,,,,,,
1827.11,,,,,,,,,,,,,,,,,,,,,,,,,,,,,,,,,,,,,,,,,,,,
1828.03,,,,,,,,,,,,,,,,,,,,,,,,,,,,,,,,,,,,,,,,,,,,
1828.10,,,,,,,,,,,,,,,,,,,,,,,,,,,,,,,,,,,,,,,,,,,,
1829.02,,,,,,,,,,,,,,,,,,,,,,,,,,,,,,,,,,,,,,,,,,,,
1829.10,,,,,,,,,,,,,,,,,,,,,,,,,,,,,,,,,,,,,,,,,,,,
1830.03,,,,,,,,,,,,,,,,,,,,,,,,,,,,,,,,,,,,,,,,,,,,
1830.11,,,,,,,,,,,,,,,,,,,,,,,,,,,,,,,,,,,,,,,,,,,,
1831.02,,,,,,,,,,,,,,,,,,,,,,,,,,,,,,,,,,,,,,,,,,,,
1831.11,,,,,,,,,,,,,,,,,,,,,,,,,,,,,,,,,,,,,,,,,,,,
1832.11,,,,,,,,,,,,,,,,,,,,,,,,,,,,,,,,,,,,,,,,,,,,
1833.02,,,,,,,,,,,,,,,,,,,,,,,,,,,,,,,,,,,,,,,,,,,,
1833.11,,,,,,,,,,,,,,,,,,,,,,,,,,,,,,,,,,,,,,,,,,,,
1834.01,,,,,,,,,,,,,,,,,,,,,,,,,,,,,,,,,,,,,,,,,,,,
1834.11,,,,,,,,,,,,,,,,,,,,,,,,,,,,,,,,,,,,,,,,,,,,
1835.01,,,,,,,,,,,,,,,,,,,,,,,,,,,,,,,,,,,,,,,,,,,,
1835.11,,,,,,,,,,,,,,,,,,,,,,,,,,,,,,,,,,,,,,,,,,,,
1836.02,,,,,,,,,,,,,,,,,,,,,,,,,,,,,,,,,,,,,,,,,,,,
1836.11,,,,,,,,,,,,,,,,,,,,,,,,,,,,,,,,,,,,,,,,,,,,
1837.01,,,,,,,,,,,,,,,,,,,,,,,,,,,,,,,,,,,,,,,,,,,,
1837.10,,,,,,,,,,,,,,,,,,,,,,,,,,,,,,,,,,,,,,,,,,,,
1838.02,,,,,,,,,,,,,,,,,,,,,,,,,,,,,,,,,,,,,,,,,,,,
1838.10,,,,,,,,,,,,,,,,,,,,,,,,,,,,,,,,,,,,,,,,,,,,
1839.03,,,,,,,,,,,,,,,,,,,,,,,,,,,,,,,,,,,,,,,,,,,,
1839.11,,,,,,,,,,,,,,,,,,,,,,,,,,,,,,,,,,,,,,,,,,,,
1840.02,,,,,,,,,,,,,,,,,,,,,,,,,,,,,,,,,,,,,,,,,,,,
1840.10,,,,,,,,,,,,,,,,,,,,,,,,,,,,,,,,,,,,,,,,,,,,
1841.01,,,,,,,,,,,,,,,,,,,,,,,,,,,,,,,,,,,,,,,,,,,,
1841.11,,,,,,,,,,,,,,,,,,,,,,,,,,,,,,,,,,,,,,,,,,,,
1842.02,,,,,,,,,,,,,,,,,,,,,,,,,,,,,,,,,,,,,,,,,,,,
1842.10,,,,,,,,,,,,,,,,,,,,,,,,,,,,,,,,,,,,,,,,,,,,
1843.01,,,,,,,,,,,,,,,,,,,,,,,,,,,,,,,,,,,,,,,,,,,,
1843.10,,,,,,,,,,,,,,,,,,,,,,,,,,,,,,,,,,,,,,,,,,,,
1844.01,,,,,,,,,,,,,,,,,,,,,,,,,,,,,,,,,,,,,,,,,,,,
1844.10,,,,,,,,,,,,,,,,,,,,,,,,,,,,,,,,,,,,,,,,,,,,
1845.03,,,,,,,,,,,,,,,,,,,,,,,,,,,,,,,,,,,,,,,,,,,,
1845.11,,,,,,,,,,,,,,,,,,,,,,,,,,,,,,,,,,,,,,,,,,,,
1846.03,,,,,,,,,,,,,,,,,,,,,,,,,,,,,,,,,,,,,,,,,,,,
1846.11,,,,,,,,,,,,,,,,,,,,,,,,,,,,,,,,,,,,,,,,,,,,
1847.03,,,,,,,,,,,,,,,,,,,,,,,,,,,,,,,,,,,,,,,,,,,,
1847.11,,,,,,,,,,,,,,,,,,,,,,,,,,,,,,,,,,,,,,,,,,,,
1848.01,,,,,,,,,,,,,,,,,,,,,,,,,,,,,,,,,,,,,,,,,,,,
1848.11,,,,,,,,,,,,,,,,,,,,,,,,,,,,,,,,,,,,,,,,,,,,
1849.03,,,,,,,,,,,,,,,,,,,,,,,,,,,,,,,,,,,,,,,,,,,,
1849.11,,,,,,,,,,,,,,,,,,,,,,,,,,,,,,,,,,,,,,,,,,,,
1850.03,,,,,,,,,,,,,,,,,,,,,,,,,,,,,,,,,,,,,,,,,,,,
1850.11,,,,,,,,,,,,,,,,,,,,,,,,,,,,,,,,,,,,,,,,,,,,
1851.02,,,,,,,,,,,,,,,,,,,,,,,,,,,,,,,,,,,,,,,,,,,,
1851.11,,,,,,,,,,,,,,,,,,,,,,,,,,,,,,,,,,,,,,,,,,,,
1852.02,,,,,,,,,,,,,,,,,,,,,,,,,,,,,,,,,,,,,,,,,,,,
1852.11,,,,,,,,,,,,,,,,,,,,,,,,,,,,,,,,,,,,,,,,,,,,
1853.02,,,,,,,,,,,,,,,,,,,,,,,,,,,,,,,,,,,,,,,,,,,,
1853.11,,,,,,,,,,,,,,,,,,,,,,,,,,,,,,,,,,,,,,,,,,,,
1854.02,,,,,,,,,,,,,,,,,,,,,,,,,,,,,,,,,,,,,,,,,,,,
1854.11,,,,,,,,,,,,,,,,,,,,,,,,,,,,,,,,,,,,,,,,,,,,
1855.02,,,,,,,,,,,,,,,,,,,,,,,,,,,,,,,,,,,,,,,,,,,,
1856.01,,,,,,,,,,,,,,,,,,,,,,,,,,,,,,,,,,,,,,,,,,,,
1856.11,,,,,,,,,,,,,,,,,,,,,,,,,,,,,,,,,,,,,,,,,,,,
1857.01,,,,,,,,,,,,,,,,,,,,,,,,,,,,,,,,,,,,,,,,,,,,
1857.11,,,,,,,,,,,,,,,,,,,,,,,,,,,,,,,,,,,,,,,,,,,,
1858.01,,,,,,,,,,,,,,,,,,,,,,,,,,,,,,,,,,,,,,,,,,,,
1858.11,,,,,,,,,,,,,,,,,,,,,,,,,,,,,,,,,,,,,,,,,,,,
1859.01,,,,,,,,,,,,,,,,,,,,,,,,,,,,,,,,,,,,,,,,,,,,
1859.11,,,,,,,,,,,,,,,,,,,,,,,,,,,,,,,,,,,,,,,,,,,,
1860.02,,,,,,,,,,,,,,,,,,,,,,,,,,,,,,,,,,,,,,,,,,,,
1860.10,,,,,,,,,,,,,,,,,,,,,,,,,,,,,,,,,,,,,,,,,,,,
1861.02,,,,,,,,,,,,,,,,,,,,,,,,,,,,,,,,,,,,,,,,,,,,
1861.10,,,,,,,,,,,,,,,,,,,,,,,,,,,,,,,,,,,,,,,,,,,,
1862.03,,,,,,,,,,,,,,,,,,,,,,,,,,,,,,,,,,,,,,,,,,,,
1862.11,,,,,,,,,,,,,,,,,,,,,,,,,,,,,,,,,,,,,,,,,,,,
1863.07,,,,,,,,,,,,,,,,,,,,,,,,,,,,,,,,,,,,,,,,,,,,
1863.11,,,,,,,,,,,,,,,,,,,,,,,,,,,,,,,,,,,,,,,,,,,,
1864.04,,,,,,,,,,,,,,,,,,,,,,,,,,,,,,,,,,,,,,,,,,,,
1864.10,,,,,,,,,,,,,,,,,,,,,,,,,,,,,,,,,,,,,,,,,,,,
1865.02,,,,,,,,,,,,,,,,,,,,,,,,,,,,,,,,,,,,,,,,,,,,
1865.11,,,,,,,,,,,,,,,,,,,,,,,,,,,,,,,,,,,,,,,,,,,,
1866.03,,,,,,,,,,,,,,,,,,,,,,,,,,,,,,,,,,,,,,,,,,,,
1866.11,,,,,,,,,,,,,,,,,,,,,,,,,,,,,,,,,,,,,,,,,,,,
1867.04,,,,,,,,,,,,,,,,,,,,,,,,,,,,,,,,,,,,,,,,,,,,
1867.11,,,,,,,,,,,,,,,,,,,,,,,,,,,,,,,,,,,,,,,,,,,,
1868.06,,,,,,,,,,,,,,,,,,,,,,,,,,,,,,,,,,,,,,,,,,,,
1868.11,,,,,,,,,,,,,,,,,,,,,,,,,,,,,,,,,,,,,,,,,,,,
1869.04,,,,,,,,,,,,,,,,,,,,,,,,,,,,,,,,,,,,,,,,,,,,
1869.11,,,,,,,,,,,,,,,,,,,,,,,,,,,,,,,,,,,,,,,,,,,,
1870.04,,,,,,,,,,,,,,,,,,,,,,,,,,,,,,,,,,,,,,,,,,,,
1870.11,,,,,,,,,,,,,,,,,,,,,,,,,,,,,,,,,,,,,,,,,,,,
1871.03,,,,,,,,,,,,,,,,,,,,,,,,,,,,,,,,,,,,,,,,,,,,
1871.11,,,,,,,,,,,,,,,,,,,,,,,,,,,,,,,,,,,,,,,,,,,,
1872.04,,,,,,,,,,,,,,,,,,,,,,,,,,,,,,,,,,,,,,,,,,,,
1872.11,,,,,,,,,,,,,,,,,,,,,,,,,,,,,,,,,,,,,,,,,,,,
1873.04,,,,,,,,,,,,,,,,,,,,,,,,,,,,,,,,,,,,,,,,,,,,
1873.12,,,,,,,,,,,,,,,,,,,,,,,,,,,,,,,,,,,,,,,,,,,,
1874.03,,,,,,,,,,,,,,,,,,,,,,,,,,,,,,,,,,,,,,,,,,,,
1874.12,,,,,,,,,,,,,,,,,,,,,,,,,,,,,,,,,,,,,,,,,,,,
1875.04,,,,,,,,,,,,,,,,,,,,,,,,,,,,,,,,,,,,,,,,,,,,
1876.01,,,,,,,,,,,,,,,,,,,,,,,,,,,,,,,,,,,,,,,,,,,,
1876.04,,,,,,,,,,,,,,,,,,,,,,,,,,,,,,,,,,,,,,,,,,,,
1877.01,,,,,,,,,,,,,,,,,,,,,,,,,,,,,,,,,,,,,,,,,,,,
1877.06,,,,,,,,,,,,,,,,,,,,,,,,,,,,,,,,,,,,,,,,,,,,
1877.12,,,,,,,,,,,,,,,,,,,,,,,,,,,,,,,,,,,,,,,,,,,,
1878.06,,,,,,,,,,,,,,,,,,,,,,,,,,,,,,,,,,,,,,,,,,,,
1879.01,,,,,,,,,,,,,,,,,,,,,,,,,,,,,,,,,,,,,,,,,,,,
1879.06,,,,,,,,,,,,,,,,,,,,,,,,,,,,,,,,,,,,,,,,,,,,
1880.01,,,,,,,,,,,,,,,,,,,,,,,,,,,,,,,,,,,,,,,,,,,,
1880.05,,,,,,,,,,,,,,,,,,,,,,,,,,,,,,,,,,,,,,,,,,,,
1881.01,,,,,,,,,,,,,,,,,,,,,,,,,,,,,,,,,,,,,,,,,,,,
1881.05,,,,,,,,,,,,,,,,,,,,,,,,,,,,,,,,,,,,,,,,,,,,
1882.01,,,,,,,,,,,,,,,,,,,,,,,,,,,,,,,,,,,,,,,,,,,,
1882.06,,,,,,,,,,,,,,,,,,,,,,,,,,,,,,,,,,,,,,,,,,,,
1883.01,,,,,,,,,,,,,,,,,,,,,,,,,,,,,,,,,,,,,,,,,,,,
1883.05,,,,,,,,,,,,,,,,,,,,,,,,,,,,,,,,,,,,,,,,,,,,
1884.01,,,,,,,,,,,,,,,,,,,,,,,,,,,,,,,,,,,,,,,,,,,,
1884.05,,,,,,,,,,,,,,,,,,,,,,,,,,,,,,,,,,,,,,,,,,,,
1885.01,,,,,,,,,,,,,,,,,,,,,,,,,,,,,,,,,,,,,,,,,,,,
1885.05,,,,,,,,,,,,,,,,,,,,,,,,,,,,,,,,,,,,,,,,,,,,
1886.01,,,,,,,,,,,,,,,,,,,,,,,,,,,,,,,,,,,,,,,,,,,,
1886.05,,,,,,,,,,,,,,,,,,,,,,,,,,,,,,,,,,,,,,,,,,,,
1887.01,,,,,,,,,,,,,,,,,,,,,,,,,,,,,,,,,,,,,,,,,,,,
1887.05,,,,,,,,,,,,,,,,,,,,,,,,,,,,,,,,,,,,,,,,,,,,
1888.01,,,,,,,,,,,,,,,,,,,,,,,,,,,,,,,,,,,,,,,,,,,,
1888.05,,,,,,,,,,,,,,,,,,,,,,,,,,,,,,,,,,,,,,,,,,,,
1889.01,,,,,,,,,,,,,,,,,,,,,,,,,,,,,,,,,,,,,,,,,,,,
1889.05,,,,,,,,,,,,,,,,,,,,,,,,,,,,,,,,,,,,,,,,,,,,
1890.01,,,,,,,,,,,,,,,,,,,,,,,,,,,,,,,,,,,,,,,,,,,,
1890.05,,,,,,,,,,,,,,,,,,,,,,,,,,,,,,,,,,,,,,,,,,,,
1891.01,,,,,,,,,,,,,,,,,,,,,,,,,,,,,,,,,,,,,,,,,,,,
1891.05,,,,,,,,,,,,,,,,,,,,,,,,,,,,,,,,,,,,,,,,,,,,
1892.01,,,,,,,,,,,,,,,,,,,,,,,,,,,,,,,,,,,,,,,,,,,,
1892.06,,,,,,,,,,,,,,,,,,,,,,,,,,,,,,,,,,,,,,,,,,,,
1893.01,,,,,,,,,,,,,,,,,,,,,,,,,,,,,,,,,,,,,,,,,,,,
1893.05,,,,,,,,,,,,,,,,,,,,,,,,,,,,,,,,,,,,,,,,,,,,
1894.01,,,,,,,,,,,,,,,,,,,,,,,,,,,,,,,,,,,,,,,,,,,,
1894.05,,,,,,,,,,,,,,,,,,,,,,,,,,,,,,,,,,,,,,,,,,,,
1895.01,,,,,,,,,,,,,,,,,,,,,,,,,,,,,,,,,,,,,,,,,,,,
1895.06,,,,,,,,,,,,,,,,,,,,,,,,,,,,,,,,,,,,,,,,,,,,
1896.01,,,,,,,,,,,,,,,,,,,,,,,,,,,,,,,,,,,,,,,,,,,,
1896.05,,,,,,,,,,,,,,,,,,,,,,,,,,,,,,,,,,,,,,,,,,,,
1897.01,,,,,,,,,,,,,,,,,,,,,,,,,,,,,,,,,,,,,,,,,,,,
1897.05,,,,,,,,,,,,,,,,,,,,,,,,,,,,,,,,,,,,,,,,,,,,
1898.01,,,,,,,,,,,,,,,,,,,,,,,,,,,,,,,,,,,,,,,,,,,,
1898.05,,,,,,,,,,,,,,,,,,,,,,,,,,,,,,,,,,,,,,,,,,,,
1899.01,,,,,,,,,,,,,,,,,,,,,,,,,,,,,,,,,,,,,,,,,,,,
1899.05,,,,,,,,,,,,,,,,,,,,,,,,,,,,,,,,,,,,,,,,,,,,
1900.01,,,,,,,,,,,,,,,,,,,,,,,,,,,,,,,,,,,,,,,,,,,,
1900.05,,,,,,,,,,,,,,,,,,,,,,,,,,,,,,,,,,,,,,,,,,,,
1901.01,,,,,,,,,,,,,,,,,,,,,,,,,,,,,,,,,,,,,,,,,,,,
1901.05,,,,,,,,,,,,,,,,,,,,,,,,,,,,,,,,,,,,,,,,,,,,
1902.01,,,,,,,,,,,,,,,,,,,,,,,,,,,,,,,,,,,,,,,,,,,,
1902.05,,,,,,,,,,,,,,,,,,,,,,,,,,,,,,,,,,,,,,,,,,,,
1903.01,,,,,,,,,,,,,,,,,,,,,,,,,,,,,,,,,,,,,,,,,,,,
1903.05,,,,,,,,,,,,,,,,,,,,,,,,,,,,,,,,,,,,,,,,,,,,
1904.01,,,,,,,,,,,,,,,,,,,,,,,,,,,,,,,,,,,,,,,,,,,,
1904.05,,,,,,,,,,,,,,,,,,,,,,,,,,,,,,,,,,,,,,,,,,,,
1905.01,,,,,,,,,,,,,,,,,,,,,,,,,,,,,,,,,,,,,,,,,,,,
1905.05,,,,,,,,,,,,,,,,,,,,,,,,,,,,,,,,,,,,,,,,,,,,
1906.01,,,,,,,,,,,,,,,,,,,,,,,,,,,,,,,,,,,,,,,,,,,,
1906.05,,,,,,,,,,,,,,,,,,,,,,,,,,,,,,,,,,,,,,,,,,,,
1907.01,,,,,,,,,,,,,,,,,,,,,,,,,,,,,,,,,,,,,,,,,,,,
1907.05,,,,,,,,,,,,,,,,,,,,,,,,,,,,,,,,,,,,,,,,,,,,
1908.01,,,,,,,,,,,,,,,,,,,,,,,,,,,,,,,,,,,,,,,,,,,,
1908.05,,,,,,,,,,,,,,,,,,,,,,,,,,,,,,,,,,,,,,,,,,,,
1909.01,,,,,,,,,,,,,,,,,,,,,,,,,,,,,,,,,,,,,,,,,,,,
1909.06,,,,,,,,,,,,,,,,,,,,,,,,,,,,,,,,,,,,,,,,,,,,
1910.01,,,,,,,,,,,,,,,,,,,,,,,,,,,,,,,,,,,,,,,,,,,,
1910.06,,,,,,,,,,,,,,,,,,,,,,,,,,,,,,,,,,,,,,,,,,,,
1911.02,,,,,,,,,,,,,,,,,,,,,,,,,,,,,,,,,,,,,,,,,,,,
1911.06,,,,,,,,,,,,,,,,,,,,,,,,,,,,,,,,,,,,,,,,,,,,
1912.01,,,,,,,,,,,,,,,,,,,,,,,,,,,,,,,,,,,,,,,,,,,,
1912.05,,,,,,,,,,,,,,,,,,,,,,,,,,,,,,,,,,,,,,,,,,,,
1913.01,,,,,,,,,,,,,,,,,,,,,,,,,,,,,,,,,,,,,,,,,,,,
1913.05,,,,,,,,,,,,,,,,,,,,,,,,,,,,,,,,,,,,,,,,,,,,
1914.01,,,,,,,,,,,,,,,,,,,,,,,,,,,,,,,,,,,,,,,,,,,,
1914.05,,,,,,,,,,,,,,,,,,,,,,,,,,,,,,,,,,,,,,,,,,,,
1915.01,,,,,,,,,,,,,,,,,,,,,,,,,,,,,,,,,,,,,,,,,,,,
1915.06,,,,,,,,,,,,,,,,,,,,,,,,,,,,,,,,,,,,,,,,,,,,
1916.01,,,,,,,,,,,,,,,,,,,,,,,,,,,,,,,,,,,,,,,,,,,,
1916.05,,,,,,,,,,,,,,,,,,,,,,,,,,,,,,,,,,,,,,,,,,,,
1917.01,,,,,,,,,,,,,,,,,,,,,,,,,,,,,,,,,,,,,,,,,,,,
1917.05,,,,,,,,,,,,,,,,,,,,,,,,,,,,,,,,,,,,,,,,,,,,
1918.01,,,,,,,,,,,,,,,,,,,,,,,,,,,,,,,,,,,,,,,,,,,,
1918.05,,,,,,,,,,,,,,,,,,,,,,,,,,,,,,,,,,,,,,,,,,,,
1919.01,,,,,,,,,,,,,,,,,,,,,,,,,,,,,,,,,,,,,,,,,,,,
1919.05,,,,,,,,,,,,,,,,,,,,,,,,,,,,,,,,,,,,,,,,,,,,
1920.01,,,,,,,,,,,,,,,,,,,,,,,,,,,,,,,,,,,,,,,,,,,,
1920.05,,,,,,,,,,,,,,,,,,,,,,,,,,,,,,,,,,,,,,,,,,,,
1921.01,,,,,,,,,,,,,,,,,,,,,,,,,,,,,,,,,,,,,,,,,,,,
1921.05,,,,,,,,,,,,,,,,,,,,,,,,,,,,,,,,,,,,,,,,,,,,
1922.01,,,,,,,,,,,,,,,,,,,,,,,,,,,,,,,,,,,,,,,,,,,,
1922.05,,,,,,,,,,,,,,,,,,,,,,,,,,,,,,,,,,,,,,,,,,,,
1923.01,,,,,,,,,,,,,,,,,,,,,,,,,,,,,,,,,,,,,,,,,,,,
1923.05,,,,,,,,,,,,,,,,,,,,,,,,,,,,,,,,,,,,,,,,,,,,
1924.01,,,,,,,,,,,,,,,,,,,,,,,,,,,,,,,,,,,,,,,,,,,,
1924.05,,,,,,,,,,,,,,,,,,,,,,,,,,,,,,,,,,,,,,,,,,,,
1925.01,,,,,,,,,,,,,,,,,,,,,,,,,,,,,,,,,,,,,,,,,,,,
1925.05,,,,,Yamawake-1-0-Sekiwake Otoiwa-HB-105--Dewanoumi-,,,,,,,,,,,,,,,,,,,,,,,,,,,,,,,,,,,,,,,
1926.01,,,,,-,,,,,,,,,,,,,,,,,,,,,,,,,,,,,,,,,,,,,,,
1926.05,,,,,-,,,,,,,,,,,,,,,,,,,,,,,,,,,,,,,,,,,,,,,
1927.01,,,,,-,,,,,,,,,,,,,,,,,,,,,,,,,,,,,,,,,,,,,,,
1927.03,,,,,-,,,,,,,,,,,,,,,,,,,,,,,,,,,,,,,,,,,,,,,
1927.05,,,,,-,,,,,,,,,,,,,,,,,,,,,,,,,,,,,,,,,,,,,,,
1927.10,,,,,-,,,,,,,,,,,,,,,,,,,,,,,,,,,,,,,,,,,,,,,
1928.01,,,,,-,,,,,,,,,,,,,,,,,,,,,,,,,,,,,,,,,,,,,,,
1928.03,,,,,-,,,,,,,,,,,,,,,,,,,,,,,,,,,,,,,,,,,,,,,
1928.05,,,,,-,,,,,,,,,,,,,,,,,,,,,,,,,,,,,,,,,,,,,,,
1928.10,,,,,-,,,,,,,,,,,,,,,,,,,,,,,,,,,,,,,,,,,,,,,
1929.01,,,,,-,,,,,,,,,,,,,,,,,,,,,,,,,,,,,,,,,Wakamatsu-1-0-Komusubi Izumigawa-HB-102--Takasago-,,,,,,
1929.03,,,,,-,,,,,,,,,,,,,,,,,,,,,,,,,,,,,,,,,-,,,,,,
1929.05,,,,,-,,,,,,,,,,,,,,,,,,,,,,,,,,,,,,,,,Sadogatake[1]-1-1-Maegashira #1 Akutsugawa-HB-72--Takasago-,,,,,,
1929.09,,,,,-,,,,,,,,,,,,,,,,,,,,,,,,,,,,,,,,,Sadogatake[1]-1-1-Maegashira #1 Akutsugawa--72-,,,,,,
1930.01,,,,,-,,,,,,,,,,,,,,,,,,,,,,,,,,,,,,,,,Sadogatake[1]-1-1-Maegashira #1 Akutsugawa--72-,,,,,,
1930.03,,,,,-,,,,,,,,,,,,,,,,,,,,,,,,,,,,,,,,,-,,,,,,
1930.05,,,,,-,,,,,,,,,,,,,,,,,,,,,,,,,,,,,,,,,-,,,,,,
1930.10,,,,,-,,,,,,,,,,,,,,,,,,,,,,,,,,,,,,,,,-,,,,,,
1931.01,,,,,-,,,,,,,,,,,,,,,,,,,,,,,,,,,,,,,,,-,,,,,,
1931.03,,,,,-,,,,,,,,,,,,,,,,,,,,,,,,,,,,,,,,,-,,,,,,
1931.05,,,,,-,,,,,,,,,,,,,,,,,,,,,,,,,,,,,,,,,-,,,,,,
1931.10,,,,,-,,,,,,,,,,,,,,,,,,,,,,,,,,,,,,,,,-,,,,,,
1932.01,,,,,-,,,,,,,,,,,,,,,,,,,,,,,,,,,,,,,,,-,,,,,,
1932.02,,,,,-,,,,,,,,,,,,,,,,,,,,,,,,,,,,,,,,,-,,,,,,
1932.03,,,,,-,,,,,,,,,,,,,,,,,,,,,,,,,,,,,,,,,-,,,,,,
1932.05,,,,,-,,,,,,,,,,,,,,,,,,,,,,,,,,,,,,,,,-,,,,,,
1932.10,,,,,-,,,,,,,,,,,,,,,,,,,,,,,,,,,,,,,,,-,,,,,,
1933.01,,,,,-,,,,,,,,,,,,,,,,,,,,,,,,,,,,,,,,,-,,,,,,
1933.05,,,,,-,,,,,,,,,,,,,,,,,,,,,,,,,,,,,,,,,-,,,,,,
1934.01,,,,,-,,,,,,,,,,,,,,,,,,,,,,,,,,,,,,,,,-,,,,,,
1934.05,,,,,-,,,,,,,,,,,,,,,,,,,,,,,,,,,,,,,,,-,,,,,,
1935.01,,,,,-,,,,,,,,,,,,,,,,,,,,,,,,,,,,,,,,,-,,,,,,
1935.05,,,,,-,,,,,,,,,,,,,,,,,,,,,,,,,,,,,,,,,-,,,,,,
1936.01,,,,,Takekuma[2]-2-0-Sekiwake Ryogoku-HB-87--Dewanoumi-,,,,,,,,,,,,,,,,,,,,,,,,,,,,,,,,,-,,,,,,
1936.05,,,,,Takekuma[2]-2-0-Sekiwake Ryogoku--87-,,,,,,,,,,,,,,,,,,,,,,,,,,,,,,,,,-,,,,,,
1937.01,,,,,Takekuma[2]-2-0-Sekiwake Ryogoku--87-,,,,,,,,,,,,,,,,,,,,,,,,,,,,,,,,,-,,,,,,
1937.05,,,,,-,,,,,,,,,,,,,,,,,,,,,,,,,,,,,,,,,-,,,,,,
1938.01,,,,,-,,,,,,,,,,,,,,,,,,,,,,,,,,,,,,,,,-,,,,,,
1938.05,,,,,-,,,,,,,,,,,,,,,,,,,,,,,,,,,,,,,,,-,,,,,,
1939.01,,,,,-,,,,,,,,,,,,,,,,,,,,,,,,,,,,,,,,,-,,,,,,
1939.05,,,,,-,,,,,,,,,,,,,,,,,,,,,,,,,,,,,,,,,-,,,,,,
1940.01,,,,,-,,,,,,,,,,,,,,,,,,,,,,,,,,,,,,,,,Oyama-1-1-Sekiwake Takanobori-HB-71--Takasago-,,,,,,
1940.05,,,,,-,,,,,,,,,,,,,,,,,,,,,,,,,,,,,,,,,Oyama-2-0-Sekiwake Takanobori--71-,,,,,,
1941.01,,,,,-,,,,,,,,,,,,,,,,,,,,,,,,,,,,,,,,,Oyama-3-0-Sekiwake Takanobori--71-,,,,Tatsunami-26-8-Komusubi Midorishima--94-,,
1941.05,,,,,-,,,,,,,,,,,,,,,,,,,,,,,,,,,,,,,,,-,,,,Tatsunami-28-8-Komusubi Midorishima--94-,,
1942.01,,,,,-,,,,,,,,,,,,,,,,,,,,,,,,,,,,,,,,,-,,,Tokitsukaze-15-2-Yokozuna Futabayama-HB-109-Futabayama Dojo-Tatsunami-,Tatsunami-24-6-Komusubi Midorishima-BO-94--Yokozuna Futabayama-Tokitsukaze-,,
1942.05,,,,,-,,,,,,,,,,,,,,,,,,,,,,,,,,,,,,,,,-,,,Tokitsukaze-15-1-Yokozuna Futabayama--109-Futabayama Dojo,-,,
1943.01,,,,,-,,,,,,,,,,,,,,,,,,,,,,,,,,,,,,,,,-,,,Tokitsukaze-15-1-Yokozuna Futabayama--109-Futabayama Dojo,-,,
1943.05,,,,,-,,,,,,,,,,,,,,,,,,,,,,,,,,,,,,,,,-,,,-,-,,
1944.01,,,,,-,,,,,,,,,,,,,,,,,,,,,,,,,,,,,,,,,-,,,-,-,,
1944.05,,,,,-,,,,,,,,,,,,,,,,,,,,,,,,,,,,,,,,,-,,,-,-,,
1944.11,,,,,-,,,,,,,,,,,,,,,,,,,,,,,,,,,,,,,,,-,,,-,-,,
1945.06,,,,,-,,,,,,,,,,,,,,,,,,,,,,,,,,,,,,,,,-,,,Kasugayama[1]-3-0-Sekiwake Fujinokawa--32-,-,,
1945.11,,,,,-,,,,,,,,,,,,,,,,,,,,,,,,,,,,,,,,,-,,,Kasugayama[1]-3-0-Sekiwake Fujinokawa--32-,-,,
1946.11,,,,,-,,,,,,,,,,,,Tokitsukaze-30-7-Yokozuna Futabayama--97-,,,,,,,,,,,,,,,,,,,,,-,,,Kasugayama[1]-3-0-Sekiwake Fujinokawa-HS-32--Tatsunami-,-,,
1947.06,,,,,-,,,,,,,,,,,,Tokitsukaze-32-7-Yokozuna Futabayama--97-,,,,,,,,,,,,,,,,,,,,,-,,,-,-,,
1947.11,,,,,-,,,,,,,,,,,,Tokitsukaze-26-6-Yokozuna Futabayama-BO-97--Maegashira #2 Tsurugamine-Michinoku[2]-Izutsu,,,,,,,,,,,,,,,,,,,,,-,,,-,Michinoku[2]-7-0-Maegashira #2 Tsurugamine-HB-27-Izutsu-Tokitsukaze-,,
1948.05,,,,,-,,,,,,,,,,,,-,,,,,,,,,,,,,,,,,,,,,-,,,-,Michinoku[2]-10-0-Maegashira #2 Tsurugamine--27-Izutsu,,
1948.10,,,,,-,,,,,,,Nishikijima-9-3-Maegashira #1 Orochiyama--59-,,,,,-,,,,,,,,,,,,,,,,,,,,,-,,,-,Michinoku[2]-10-0-Maegashira #2 Tsurugamine--27-Izutsu,,
1949.01,,,,,-,,,,,,,Nishikijima-10-4-Maegashira #1 Orochiyama--59-,,,,,-,,,,,,,,,,,,,,,,,,,,,-,,,-,-,,
1949.05,,,,,-,,,,,,,Nishikijima-4-2-Maegashira #1 Orochiyama-BO-59--Maegashira #1 Kashiwado-Isenoumi[3]-,,,,,-,,,,,,,,,,,,,,,,,,,,,-,,,-,-,,
1949.10,,,,,-,,,,,,,-,,,,,-,,,,,,,,,,,,,,,,,,,,,-,,,-,-,,
1950.01,,,,,-,,,,,,,-,,,,,-,,,,,,,,,,,,,,,,,,,,,-,,,-,-,,
1950.05,,,,,Mihogaseki[2]-3-1-Ozeki Masuiyama I-HB-47--Dewanoumi-,,,,,,,-,,,,,-,,,,,,,,,,,,,,,,,,,,,-,,,-,-,,
1950.09,,,,,Mihogaseki[2]-3-1-Ozeki Masuiyama I--47-,,,,,,,-,,,,,-,,,,,,,,,,,,,,,,,,,,,-,,,-,-,,
1951.01,,,,,Mihogaseki[2]-4-1-Ozeki Masuiyama I--47-,,,,,,,-,,,,,-,,,,,,,,,,,,,,,,,,,,,-,,,-,-,,
1951.05,,,,,-,,,,,,,-,,,,,-,,,,,,,,,,,,,,,,,,,,,-,,,-,-,,
1951.09,,,,,-,,,,,,,-,,,,,-,,,,,,,,,,,,,,,,,,,,,-,,,-,-,,
1952.01,,,,,-,,,,,,,-,,,,,-,,,,,,,,,,,,,,,,,,,,,-,,,-,-,,
1952.05,,,,,-,,,,,,,-,,,,,-,,,,,,,,,,,,,,,,,,,,,-,,,-,-,,
1952.09,,,,,-,,,,,,,-,,,,,-,,,,,,,,,,,,,,,,,,,,,-,,,-,-,,
1953.01,,,,,-,,,,,,,-,,,,,-,,,,,,,,,,,,,,,,,,,,,-,,,-,-,,
1953.03,,,,,-,,,,,,,-,,,,,-,,,,,,,,,,,,,,,,,,,,,-,,,-,-,,
1953.05,,,,,-,,,,,,,-,,,,,-,,,,,,,,,,,,,,,,,,,,,-,,,-,-,,
1953.09,,,,,-,,,,,,,-,,,,,-,,,,,,,,,,,,,,,,,,,,,-,,,-,-,,
1954.01,,,,,-,,,,,,,-,,,,,-,,,,,,,,,,,,,,,,,,,,,-,,,-,-,,
1954.03,,,,,-,,,,,,,-,,,,,-,,,,,,,,,,,,,,,,,,,,,-,,,-,-,,
1954.05,,,,,-,,,,,,,-,,,,,-,,,,,,,,,,,,,,,,,,,,,-,,,-,-,,
1954.09,,,,,-,,,,,,,-,,,,,-,,,,,,,,,,,,,,,,,,,,,-,,,-,-,,
1955.01,,,,,-,,,,,,,-,,,,,-,,,,,,,,,,,,,,,,,,,,,-,,,-,-,,
1955.03,,,,,-,,,,,,,-,,,,,-,,,,,,,,,,,,,,Nishonoseki[2]-34-8-Ozeki Saganohana--60-,,,,,,,Sanoyama[1]-1-0-Maegashira #2 Asahibiki-HB-74--Takasago-,,,-,-,,
1955.05,,,,,-,,,,,,,-,,,,,-,,,,,,,,,,,,,,Nishonoseki[2]-36-7-Ozeki Saganohana--60-,,,,,,,Sanoyama[1]-1-0-Maegashira #2 Asahibiki--74-,,,Kasugayama[2]-3-1-Ozeki Nayoroiwa-HB-32--Tatsunami-,-,,
1955.09,,,,,-,,,,,,,-,,,,,-,,,,,,,,,,,,,,Nishonoseki[2]-32-6-Ozeki Saganohana-BO-60--Komusubi Kotonishiki-Sadogatake[2]-,,,,,,,Sanoyama[1]-1-0-Maegashira #2 Asahibiki--74-,,,Kasugayama[2]-3-1-Ozeki Nayoroiwa--32-,-,,
1956.01,,,,,-,,,,,,,-,,,,,-,,,,,,,,,,,,,,-,,,,,,,-,,,Kasugayama[2]-3-1-Ozeki Nayoroiwa--32-,-,,
1956.03,,,,,-,,,,,,,-,,,,,-,,,,,,,,,,,Miyagino[1]-1-1-Yokozuna Otori--51-,,,-,,,,,,,-,,,-,-,,
1956.05,,,,,-,,,,,,,-,,,,,-,,,,,,,,,,,Miyagino[1]-1-1-Yokozuna Otori--51-,,,-,,,,,,,-,,,-,-,,
1956.09,,,,,-,,,,,,,-,,,,,-,,,,,,,,,,,Miyagino[1]-1-1-Yokozuna Otori-HS-51--Oshima[2]-Takashima,,,-,,,,,,,-,,,-,-,,
1957.01,,,,,-,,,,,,,-,,,,,-,,,,,,,,,,,-,,,-,,,,,,,-,,,-,-,,
1957.03,,,,,-,,,,,,,-,,,,,-,,,,,,,,,,,-,,,-,,,,,,,-,,,-,-,,
1957.05,,,,,-,,,,,,,-,,,,,-,,,,,,,,,,,-,,,-,,,,,,,-,,,-,-,,
1957.09,,,,,-,,,,,,,-,,,,,-,,,,,,,,,,,-,,,-,,,,,,,-,,,-,-,,
1957.11,,,,,-,,,,,,,-,,,,,-,,Oshima[2]-26-8-Komusubi Tomoegata--86-Takashima,,,,,,,,,-,,,-,,,,,,,-,,,-,-,,
1958.01,,,,,-,,,,,,,-,,,,,-,,Oshima[2]-26-8-Komusubi Tomoegata--86-Takashima,,,,,,,,,-,,,-,,,,,,,-,,,-,-,,
1958.03,,,,,-,,,,,,,-,,,,,-,,Oshima[2]-11-5-Komusubi Tomoegata-BO-86-Takashima-Yokozuna Yoshibayama-Miyagino[2]-Yoshibayama Dojo,,,,,,,,,Miyagino[2]-16-2-Yokozuna Yoshibayama-HB-110-Yoshibayama Dojo-Oshima[2]-Takashima,,,-,,,,,,,-,,,-,-,,
1958.05,,,,,-,,,,,,,-,,,,,-,,-,,,,,,,,,Miyagino[2]-18-2-Yokozuna Yoshibayama--110-Yoshibayama Dojo,,,-,,,,,,,-,,,-,-,,
1958.07,,,,,-,,,,,,,-,,,,,-,,-,,,,,,,,,Miyagino[2]-18-2-Yokozuna Yoshibayama--110-Yoshibayama Dojo,,,-,,,,,,,-,,,-,-,,
1958.09,,,,,-,,,,,,,-,,,,,-,,-,,,,,,,,,-,,,-,,,,,,,-,,,-,-,,
1958.11,,,,,-,,,,,,,-,,,,,-,,-,,,,,,,,,-,,,-,,,,,,,-,,,-,-,,
1959.01,,,,,-,,,,,,,-,,,,,-,,-,,,,,,,,,-,,,-,,,,,,,-,,,-,-,,
1959.03,,,,,-,,,,,,,-,,,,,-,,-,,,,,,,,,-,,,-,,,,,,,-,,,-,-,,
1959.05,,,,,-,,,,,,,-,,,,,-,,-,,,,,,,,,-,,,-,,,,,,,-,,,-,-,,
1959.07,,,,,-,,,,,,,-,,,,,-,,-,,,,,,,,,-,,,-,,,,,,,-,,,-,-,,
1959.09,,,,,-,,,,,,,-,,,,,-,,-,,,,,,,,,-,,,-,,,,,,,Sanoyama[1]-2-0-Maegashira #2 Asahibiki--74-,,,-,-,,
1959.11,,,,,-,,,,,,,-,,,,,-,,-,,,,,,,,,-,,,-,,,,,,,Sanoyama[1]-2-0-Maegashira #2 Asahibiki--74-,,,-,-,,
1960.01,,,,,-,,,,,,,-,,,,,-,,-,,,,,,,,,-,,,-,,,,,,,Sanoyama[1]-2-0-Maegashira #2 Asahibiki-HS-74--Takasago-,,,-,-,,
1960.03,,,,,-,,,,,,,-,,,,,-,,-,,,,,,,,,-,,,-,,,,,,,-,,,Nakagawa[3]-1-0-Maegashira #2 Kiyoenami-HB-54--Tatsunami-,-,,
1960.05,,,,,-,,,,,,,-,,,,,-,,-,,,,,,,,,Takashima[1]-2-0-Ozeki Mitsuneyama-HB-41-Kumagatani-Oshima[2]-Takashima,,,-,,,,,,,-,,,Nakagawa[3]-1-0-Maegashira #2 Kiyoenami--54-,-,,
1960.07,,,,,-,,,,,,,-,,,,,-,,-,,,,,,,,,Takashima[1]-3-0-Ozeki Mitsuneyama--41-Kumagatani,,,-,,,,,,,-,,,Nakagawa[3]-1-0-Maegashira #2 Kiyoenami--54-,-,,
1960.09,,,,,-,,,,,,,-,,,,,-,,-,,,,,,,,,Takashima[1]-3-0-Ozeki Mitsuneyama--41-Kumagatani,,,-,,,,,,,-,,,-,-,,
1960.11,,,,,-,,,,,,,-,,,,,-,,-,,,,,,,,,-,,,-,,,,,,,-,,,-,-,,
1961.01,,,,,-,,,,,,,-,,Nishonoseki[2]-63-7-Ozeki Saganohana--60-,,,-,,-,,,,,,,,,-,,,-,,,,,,,-,,,-,-,,
1961.03,,,,,-,,,,,,,-,,Nishonoseki[2]-65-6-Ozeki Saganohana--60-,,,-,,-,,,,,,,,,-,,,-,,,,,,,-,,,-,-,,
1961.05,,,,,-,,,,,,,-,,Nishonoseki[2]-66-6-Ozeki Saganohana-BO-60--Sekiwake Tamanoumi-Kataonami-,,,-,,-,,,,,,,,,-,,,-,,,,,,,-,,,-,-,,
1961.07,,,,,-,,,,,,,-,,-,,,-,,-,,,,,,,,,-,,,-,,,,,,,Sanoyama[2]-2-1-Komusubi Kuninobori-HB-74--Takasago-,,,-,-,,
1961.09,,,,,-,,,,,,,-,,-,,,-,,-,,,,,,,,,-,,,-,,,,,,,Sanoyama[2]-2-1-Komusubi Kuninobori--74-,,,-,-,,
1961.11,,,,,-,,,,,,,-,,-,,,-,,-,,,,,,,,,-,,,-,,,,,,,Sanoyama[2]-2-1-Komusubi Kuninobori--74-,,,-,-,,
1962.01,,,,,-,,,,,,,-,,-,,,-,,-,,,,,,,,,-,,,-,,,,,,,-,,,-,-,,
1962.03,,,,,-,,,,,,,-,,-,,,-,,-,,,,,,,,,-,,,-,,,,,,,-,,,-,-,,
1962.05,,,,,-,,,,,,,-,,-,,,-,,-,,,,,,,,,-,,,-,,,,,,,-,,,-,-,,
1962.07,,,,,-,,,,,,,-,,-,,,-,,-,,,,,,,,,-,,,-,,,,,,,-,,,-,-,,
1962.09,,,,,-,,,,,,,-,,-,,,-,,-,,,,,,,,,-,,,-,,,,,,,-,,,-,-,,
1962.11,,,,,-,,,,,,,-,,-,,,-,,-,,,,,,,,,-,,,-,,,,,,,-,,,-,-,,
1963.01,,,,,-,,,,,,,-,,-,,,-,,-,,,,,,,,,-,,,-,,,,,,,-,,,-,-,,
1963.03,,,,,-,,,,,,,-,,-,,,-,,-,,,,,,,,,-,,,-,,,,,,,-,,,-,-,,
1963.05,,,,,-,,,,,,,-,,-,,,-,,-,,,,,,,,,-,,,-,,,,,,,-,,,-,-,,
1963.07,,,,,-,,,,,,,-,,-,,,-,,-,,,,,,,,,-,,,-,,,,,,,-,,,-,-,,
1963.09,,,,,-,,,,,,,-,,-,,,-,,-,,,,,,,,,-,,,-,,,,,,,-,,,-,Nishikijima-5-0-Gyoji Kimura Kesazo--59-,,
1963.11,,,,,-,,,,,,,-,,-,,,-,,-,,,,,,,,,-,,,-,,,,,,,-,,,-,Nishikijima-4-0-Gyoji Kimura Kesazo--59-,,
1964.01,,,,,-,,,,,,,-,,-,,,-,,-,,,,,,,,,-,,,-,,,,,,,-,,,-,Nishikijima-4-0-Gyoji Kimura Kesazo-HS-59--Tokitsukaze-,,
1964.03,,,,,-,,,,,,,-,,-,,,-,,-,,,,,,,,,-,,,-,,,,,,,-,,,-,-,,
1964.05,,,,,-,,,,,,,-,,-,,,-,,-,,,,,,,,,-,,,-,,,,,,,-,,,-,-,,
1964.07,,,,,Onogawa[3]-8-1-Maegashira #2 Kinkazan--65-,,,,,,,-,,-,,,-,,-,,,,,,,,,-,,,-,,,,,,,-,,,Oitekaze[3]-5-1-Ozeki Shimizugawa--62-,-,,
1964.09,,,,,Onogawa[3]-8-2-Maegashira #2 Kinkazan--65-,,,,,,,-,,-,,,-,,-,,,,,,,,,-,,,-,,,,,,,-,,,Oitekaze[3]-5-1-Ozeki Shimizugawa--62-,-,,
1964.11,,,,,Onogawa[3]-8-2-Maegashira #2 Kinkazan-HS-65--Dewanoumi-,,,,,,,-,,-,,,-,,-,,,,,,,,,-,,,-,,,,,,,-,,,Oitekaze[3]-5-1-Ozeki Shimizugawa-HS-62--Tatsunami-,-,,
1965.01,,,,,-,,,,,,,-,,-,,,-,,-,,,,,,,,,-,,,-,,,,,,,-,,,-,-,,
1965.03,,,,,-,,,,,,,-,,-,,,-,,-,,,,,,,,,-,,,-,,,,,,,-,,,-,-,,
1965.05,,,,,-,,,,,,,-,,-,,,-,,-,,,,,,,,,-,,,-,,,,,,,-,,,-,-,,
1965.07,,,,,-,,,,,,,-,,-,,,-,,-,,,,,,,,,-,,,-,,,,,,,-,,,-,-,,
1965.09,,,,,-,,,,,,,-,,-,,,-,,-,,,,,,,,,-,,,-,,,,,,,-,,,-,-,,
1965.11,,,,,-,,,,,,,-,,-,,,-,,-,,,,,,,,,-,,,-,,,,,,,-,,,-,-,,
1966.01,,,,,-,,,,,,,-,,-,,,-,,-,,,,,,,,,-,,,-,,,,,,,-,,,-,-,,
1966.03,,,,,-,,,,,,,-,,-,,,-,,-,,,,,,,,,-,,,-,,,,,,,-,,,-,-,,
1966.05,,,,,-,,,,,,,-,,-,,,-,,-,,,,,,,,,-,,,-,,,,,,,-,,,-,-,,
1966.07,,,,,-,,,,,,,-,,-,,,-,,-,,,,,,,,,-,,,-,,,,,,,-,,,-,-,,
1966.09,,,,,-,,,,,,,-,,-,,,-,,-,,,,,,,,,-,,,-,,,,,,,-,,,-,-,,
1966.11,,,,,-,,,,,,,-,,-,,Dewanoumi-70-10-Maegashira #1 Dewanohana--9-,-,,-,,,,,,,,,-,,,-,,,,,,,-,,,-,-,,
1967.01,,,,,-,,,,,,,-,,-,,Dewanoumi-71-11-Maegashira #1 Dewanohana--9-,-,,-,,,,,,,,,-,,,-,,,,,,,-,,,-,-,,
1967.03,,,,,Kokonoe-13-3-Yokozuna Chiyonoyama-HB-40--Dewanoumi-,,,,,,,-,,-,,Dewanoumi-53-8-Maegashira #1 Dewanohana-BO-9--Yokozuna Chiyonoyama-Kokonoe-,-,,-,,,,,,,,,-,,,-,,,,,,,-,,,-,-,,
1967.05,,,,,Kokonoe-14-3-Yokozuna Chiyonoyama--40-,,,,,,,-,,-,,-,-,,-,,,,,,,,,-,,,-,,,,,,,-,,,-,-,,
1967.07,,,,,Kokonoe-14-3-Yokozuna Chiyonoyama--40-,,,,,,,-,,-,,-,-,,-,,,,,,,,,-,,,-,,,,,,,-,,,-,-,,
1967.09,,,,,-,,,,,,,-,,-,,-,-,,-,,,,,,,,,-,,,-,,,,,,,-,,,-,-,,
1967.11,,,,,-,,,,,,,-,,-,,-,-,,-,,,,,,,,,-,,,-,,,,,,,-,,,-,-,,
1968.01,,,,,-,,,,,,,-,,-,,-,-,,-,,,,,,,,,-,,,-,,,,,,,-,,,-,-,,
1968.03,,,,,-,,,,,,,-,,-,,-,-,,-,,,,,,,,,-,,,-,,,,,,,-,,,-,-,,
1968.05,,,,,-,,,,,,,-,,-,,-,-,,-,,,,,,,,,-,,,-,,,,,,,-,,,-,-,,
1968.07,,,,,-,,,,,,,-,,-,,-,-,,-,,,,,,,,,-,,,-,,,,,,,-,,,-,-,,
1968.09,,,,,-,,,,,,,-,,-,,-,-,,-,,,,,,,,,-,,,-,,,,,,,-,,,-,-,,
1968.11,,,,,-,,,,,,,-,,-,,-,-,,-,,,,,,,,,-,,,-,,,,,,,-,,,-,-,,
1969.01,,,,,-,,,,,,,-,,-,,-,-,,-,,,,,,,,,-,,,-,,,,,,,-,,,-,-,,
1969.03,,,,,-,,,,,,,-,,-,,-,-,,-,,,,,,,,,-,,,-,,,,,,,-,,,-,-,,
1969.05,,,,,-,,,,,,,-,,-,,-,-,,-,,,,,,,,,-,,,-,,,,,,,-,,,-,-,,
1969.07,,,,,-,,,,,,,-,,-,,-,-,,-,,,,,,,,,-,,,-,,,,,,,-,,,-,-,,
1969.09,,,,,-,,,,,,,-,,-,,-,-,,-,,,,,,,,,-,,,-,,,,,,,-,,,-,-,,
1969.11,,,,,-,,,,,,,-,,-,,-,-,,-,,,,,,,,,-,,,-,,,,,,,-,,,-,-,,
1970.01,,,,,-,,,,,,,-,,-,,-,-,,-,,,,,,,,,-,,,-,,,,,,,-,,,-,-,,
1970.03,,,,,-,,,,,,,-,,-,,-,-,,-,,,,,,,,,-,,,-,,,,,,,-,,,-,-,,
1970.05,,,,,-,,,,,,,-,,-,,-,-,,-,,,,,,,,,-,,,-,,,,,,,-,,,-,-,,
1970.07,,,,,-,,,,,,,-,,-,,-,-,,-,,,,,,,,,-,,,-,,,,,,,-,,,-,-,,
1970.09,,,,,-,,,,,,,-,,-,,-,-,,-,,,,,,,,,-,,,-,,,,,,,-,,,-,-,,
1970.11,,,,,-,,,,,,,Kagamiyama-11-0-Yokozuna Kashiwado-HB-30--Isenoumi[3]-,,-,,-,-,,-,,,,,,,,,-,,,-,,,,,,,-,,,-,-,,
1971.01,,,,,-,,,,,,,Kagamiyama-12-0-Yokozuna Kashiwado--30-,,-,,-,-,,-,,,,,,,,,-,,,-,,,,,,,-,,,-,-,,
1971.03,,,,,-,,,,,,,Kagamiyama-13-0-Yokozuna Kashiwado--30-,,-,,-,-,,-,,,,,,,,,-,,,-,,,,,,,-,,,-,-,,
1971.05,,,,,-,,,,,,,-,,-,,-,-,,-,,,,,,,,,-,,,-,,,,,,,-,,,-,-,,
1971.07,,,,,-,,,,,,,-,,-,,-,-,,-,,,,,,,,,-,,,-,,,,,,,-,,,-,-,,
1971.09,,,,,-,,,,,,,-,,-,,-,-,,-,,,,,,,,,-,,Nishonoseki[2]-65-5-Ozeki Saganohana--60-,-,,,,,,,-,,,-,Tatsutagawa-2-0-Yokozuna Kagamisato-HB-95--Tokitsukaze-,,
1971.11,,,,,-,,,,,,,-,,-,,-,-,,-,,,,,,,,,-,,Nishonoseki[2]-71-4-Ozeki Saganohana--60-,-,,,,,,,-,,,-,Tatsutagawa-4-0-Yokozuna Kagamisato--95-,,
1972.01,,,,,-,,,,,,,-,,-,,-,-,,-,,,,,,,,,-,,Nishonoseki[2]-45-4-Ozeki Saganohana-BO-60--Yokozuna Taiho-Otake-Taiho,-,,,,,,,-,,,-,Tatsutagawa-4-0-Yokozuna Kagamisato--95-,,
1972.03,,,,,-,,,,,,,-,,-,,-,-,,-,,,,,,,,,-,,-,-,,,,,,,-,,,-,-,,
1972.05,,,,,-,,,,,,,-,,-,,-,Izutsu[3]-4-1-Sekiwake Tsurugamine-HB-35-Kimigahama-Michinoku[2]-Izutsu,,-,,,,,,,,,-,,-,-,,,,,,,-,,,-,-,,
1972.07,,,,,-,,,,,,,-,,-,,-,Izutsu[3]-4-2-Sekiwake Tsurugamine--35-Kimigahama,,-,,,,,,,,,-,,-,-,,,,,,,-,,,-,-,,
1972.09,,,,,-,,,,,,,-,,-,,-,Izutsu[3]-5-1-Sekiwake Tsurugamine--35-Kimigahama,,-,,,,,,,,,-,,-,-,,,,,,,-,,,-,-,,
1972.11,,,,,-,,,,,,,-,,-,,-,-,,-,,,,,,,,,-,,-,-,,,,,,,-,,,-,-,,
1973.01,,,,,-,,,,,,,-,,-,,-,-,,-,,,,,,,,,-,,-,-,,,,,,,-,,,-,-,,
1973.03,,,,,-,,,,,,,-,,-,,-,-,,-,,,,,,,,,-,,-,-,,,,,,,-,,,-,-,,
1973.05,,,,,-,,,,,,,-,,-,,-,-,,-,,,,,,,,,-,,-,-,,,,,,,-,,,-,-,,
1973.07,,,,,-,,,,,,,-,,-,,-,-,,-,,,,,,,,,-,,-,-,,,,,,,-,,,-,-,,
1973.09,,,,,-,,,,,,,-,,-,,-,-,,-,,,,,,,,,-,,-,-,,,,,,,-,,,-,-,,
1973.11,,,,,-,,,,,,,-,,-,,-,-,,-,,,,,,,,,-,,-,-,,,,,,,-,,,-,-,,
1974.01,,,,,-,,,,,,,-,,-,,-,-,,-,,,,,,,,,-,,-,-,,,,,,Takasago-27-4-Yokozuna Asashio--84-,-,,,-,-,,
1974.03,,,,,-,,,,,,,-,,-,,-,-,,-,,,,,,,,,-,,-,-,,,,,,Takasago-28-4-Yokozuna Asashio--84-,-,,,-,-,,
1974.05,,,,,-,,,,,,,-,,-,,-,-,,-,,,,,,,,,-,,-,-,,,,,,Takasago-28-3-Yokozuna Asashio-BO-84--Ozeki Maenoyama-Takadagawa-,Takadagawa-8-0-Ozeki Maenoyama-HB-83--Takasago-,,,-,-,,
1974.07,,,,,-,,,,,,,-,,-,,-,-,,-,,,,,,,,,-,,-,-,,,,,,-,Takadagawa-8-0-Ozeki Maenoyama--83-,,,-,-,,
1974.09,,,,,-,,,,,,,-,,-,,Izutsu[2]-11-0-Yokozuna Kitanofuji-HB-27--Kokonoe-,-,,-,,,,,,,,,-,,-,-,,,,,,-,Takadagawa-9-0-Ozeki Maenoyama--83-,,,-,-,,
1974.11,,,,,-,,,,,,,-,,-,,Izutsu[2]-11-0-Yokozuna Kitanofuji--27-,-,,-,,,,,,,,,-,,-,-,,,,,,-,-,,,-,-,,
1975.01,,,,,-,,,,,,,-,,-,,Izutsu[2]-11-0-Yokozuna Kitanofuji--27-,-,,-,,,,,,,,,-,,-,-,,,,,,-,-,,,-,-,,
1975.03,,,,,-,,,,,,,-,,-,,-,-,,-,,,,,,,,,-,,-,-,,,,,,-,-,,,-,-,,
1975.05,,,,,-,,,,,,,-,,-,,-,-,,-,,,,,,,,,-,,-,-,,,,,,-,-,,,-,-,,
1975.07,,,,,-,,,,,,,-,,-,,-,-,,-,,,,,,,,,-,,-,-,,,,,,-,-,,,-,-,,
1975.09,,,,,-,,,,,,,-,,-,,-,-,,-,,,,,,,,,-,,-,-,,,,,,-,-,,,-,-,,
1975.11,,,,,-,,,,,,,-,,-,,-,-,,-,,,,,,,,,-,,-,-,,,,,,-,-,,,-,-,,
1976.01,,,,,-,,,,,,,-,,-,,-,-,,-,,,,,,,,,-,,-,-,,,,,,-,-,,,-,-,,
1976.03,,,,,-,,,,,,,-,,-,,-,-,,-,,,,,,,,,-,,-,-,,,,,,-,-,,,-,-,,
1976.05,,,,,-,,,,,,,-,,-,,-,-,,-,,,,,,,,,-,,-,-,,,,,,-,-,,,-,-,,
1976.07,,,,,-,,,,,,,-,,-,,-,-,,-,,,,,,,,,-,,-,-,,,,,,-,-,,,-,-,,
1976.09,,,,,-,,,,,,,-,,-,,-,-,,-,,,,,,,,,-,,-,-,,,,,,-,-,,,-,-,,
1976.11,,,,,-,,,,,,,-,,-,,-,-,,-,,,,,,,,,-,,-,-,,,,,,-,-,,,-,-,,
1977.01,,,,,-,,,,,,,-,,-,,-,-,,-,,,,,,,,,-,,-,-,,,,,,-,-,,,-,-,,
1977.03,,,,,-,,,,,,,-,,-,,-,-,,-,,,,,,,,,-,,-,-,,,,,,-,-,,,-,-,,
1977.05,,,,,-,,,,,,,-,,-,,Izutsu[2]-25-0-Yokozuna Kitanofuji--27-,-,,-,,,,,,,,,-,,-,-,,,,,,-,-,,,-,-,,
1977.07,,,,,-,,,,,,,-,,-,,Izutsu[2]-25-0-Yokozuna Kitanofuji--27-,-,,-,,,,,,,,,-,,-,-,,,,,,-,-,,,-,-,,
1977.09,,,,,-,,,,,,,-,,-,,Izutsu[2]-24-0-Yokozuna Kitanofuji-HS-27--Kokonoe-,-,,-,,,,,,,,,-,,-,-,,,,,,-,-,,,-,-,,
1977.11,,,,,-,,,,,,,-,,-,,-,-,,-,,,,,,,,,-,,-,-,,,,,,-,-,,,-,-,,
1978.01,,,,,-,,,,,,,-,,-,,-,-,,-,,,,,,,,,-,,-,-,,,,,,-,-,,,-,-,,
1978.03,,,,,-,,,,,,,-,,-,,-,-,,-,,,,,,,,,-,,-,-,,,,,,-,-,,,-,-,,
1978.05,,,,,-,,,,,,,-,,-,,-,-,,-,,,,,,,,,-,,-,-,,,,,,-,-,,,-,-,,
1978.07,,,,,-,,,,,,,-,,-,,-,-,,-,,,,,,,,,Kumagatani[2]-1-0-Maegashira #8 Yoshinomine-HB-41--Oshima[2]-Tomozuna,,-,-,,,,,,-,-,,,-,-,,
1978.09,,,,,-,,,,,,,-,,-,,-,-,,-,,,,,,,,,Kumagatani[2]-1-0-Maegashira #8 Yoshinomine--41-,,-,-,,,,,,-,-,,,-,-,,
1978.11,,,,,-,,,,,,,-,,-,,-,-,,-,,,,,,,,,Kumagatani[2]-1-0-Maegashira #8 Yoshinomine--41-,,-,-,,,,,,-,-,,,-,-,,
1979.01,,,,,-,,,,,,Oshima[2]-10-1-Juryo #7 Yamatonishiki--99-Tomozuna,-,,-,,-,-,,-,,,,,,,,,-,,-,-,,,,,,-,-,,,-,-,,
1979.03,,,,,-,,,,,,Oshima[2]-11-1-Juryo #7 Yamatonishiki--99-Tomozuna,-,,-,,-,-,,-,,,,,,,,,-,,-,-,,,,,,-,-,,,-,-,,
1979.05,,,,,-,,,,,,Oshima[2]-11-1-Juryo #7 Yamatonishiki-BO-99-Tomozuna-Sekiwake Mutsuarashi-Isegahama[3]-Ajigawa,-,,-,,-,-,,-,,,,,,,,,Isegahama[3]-1-0-Sekiwake Mutsuarashi-HB-1-Ajigawa-Oshima[2]-Tomozuna,,-,-,,,,,,-,-,,,-,-,,
1979.07,,,,,-,,,,,,-,-,,-,,-,-,,-,,,,,,,,,Isegahama[3]-2-0-Sekiwake Mutsuarashi--1-Ajigawa,,-,-,,,,,,-,-,,,-,-,,
1979.09,,,,,-,,,,,,-,-,,-,,-,-,,-,,,,,,,,,Isegahama[3]-3-0-Sekiwake Mutsuarashi--1-Ajigawa,,-,-,,,,,,-,-,,,-,-,,
1979.11,,,,,-,,,,,,-,-,,-,,-,-,,-,,,,,,,,,-,,-,-,,,,,,-,-,,,-,-,,
1980.01,,,,,-,,,,,,-,-,,-,,-,-,,-,,,,,,,,,-,,-,-,,,,,,-,-,,,-,-,,
1980.03,,,,,-,,,,,,-,-,,-,,-,-,,-,,,,,,,,,-,,-,-,,,,,,-,-,,,Oshima[1]-9-0-Ozeki Asahikuni-HB-67--Tatsunami-,-,,
1980.05,,,,,-,,,,,,-,-,,-,,-,-,,-,,,,,,,,,-,,-,-,,,,,,-,-,,,Oshima[1]-11-0-Ozeki Asahikuni--67-,-,,
1980.07,,,,,-,,,,,,-,-,,-,,-,-,,-,,,,,,,,,-,,-,-,,,,,,-,-,,,Oshima[1]-15-0-Ozeki Asahikuni--67-,-,,
1980.09,,,,,-,,,,,,-,-,,-,,-,-,,-,,,,,,,,,-,,-,-,,,,,,-,-,,,-,-,,
1980.11,,,,,-,,,,,,-,-,,-,,-,-,,-,,,,,,,,,-,,-,-,,,,,,-,-,,,-,-,,
1981.01,,,,,-,,,,,,-,-,,-,,-,-,,-,,,,,,,,,-,,-,-,,,,,,-,-,,,-,-,,
1981.03,,,,,-,,,,,,-,-,,-,,-,-,,-,,,,,,,,,-,,-,-,,,,,,-,-,,,-,-,,
1981.05,,,,,-,Dewanoumi-47-4-Yokozuna Sadanoyama--9-,,,,,-,-,,-,,-,-,,-,,,,,,,,,-,,-,-,,,,,,-,-,,,-,-,,
1981.07,,,,,-,Dewanoumi-45-4-Yokozuna Sadanoyama--9-,,,,,-,-,,-,,-,-,,-,,,,,,,,,-,,-,-,,,,,,-,-,,,-,-,,
1981.09,,,,,Fujishima[2]-5-0-Yokozuna Mienoumi-HB-52-Musashigawa-Dewanoumi-,Dewanoumi-41-4-Yokozuna Sadanoyama-BO-9--Yokozuna Mienoumi-Fujishima[2]-Musashigawa,,,,,-,-,,-,,-,-,,-,,,,,,,,,-,,-,-,,,,,,-,-,,,-,-,,
1981.11,,,,,Fujishima[2]-5-0-Yokozuna Mienoumi--52-Musashigawa,-,,,,,-,-,,-,,-,-,,-,,,,,,,,,-,,-,-,,,,,,-,-,,,-,-,,
1982.01,,,,,Fujishima[2]-6-0-Yokozuna Mienoumi--52-Musashigawa,-,,,,,-,-,,-,,-,-,,-,,,,,,,,,-,,-,-,,,,,,-,-,,,-,-,,
1982.03,,,,,-,-,,,,,-,-,,-,,-,-,,-,,,,,,,,,-,,-,-,,,,,,-,-,,,-,-,,
1982.05,,,,,-,-,,,,,-,-,,-,,-,-,,-,,,,,,,,,-,,-,-,,,,,,-,-,,,-,-,,
1982.07,,,,,-,-,,,,,-,-,,-,,-,-,,-,,,,,,,,,-,,-,-,,,,,,-,-,,,-,-,,
1982.09,,,,,-,-,,,,,-,-,,-,,-,-,Tokitsukaze-35-5-Ozeki Yutakayama--97-,-,,,,,,,,,-,,-,-,,,,,,-,-,,,-,-,,
1982.11,,,,,-,-,,,,,-,-,,-,,-,-,Tokitsukaze-34-5-Ozeki Yutakayama--97-,-,,,,,,,,,-,,-,-,,,,,,-,-,,,-,-,,
1983.01,,,,,-,-,,,,,-,-,,-,,-,-,Tokitsukaze-30-5-Ozeki Yutakayama-BO-97--Komusubi Yutakayama-Minato-,-,,,,,,,,,-,,-,-,,,,,,-,-,,,-,Minato-1-0-Komusubi Yutakayama-HB-48--Tokitsukaze-,,
1983.03,,,,,-,-,,,,,-,-,,-,,-,-,-,-,,,,,,,,,-,,-,-,,,,,,-,-,,,-,Minato-4-0-Komusubi Yutakayama--48-,,
1983.05,,,,,-,-,,,,,-,-,,-,,-,-,-,-,,,,,,,,,-,,-,-,,,,,,-,-,,,-,Minato-5-0-Komusubi Yutakayama--48-,,
1983.07,,,,,-,-,,,,,-,-,,-,,-,-,-,-,,,,,,,,,-,,-,-,,,,,,-,-,,,-,-,,
1983.09,,,,,-,-,,,,,-,-,,-,,-,-,-,-,,,,,,,,,-,,-,-,,,,,,-,-,,,-,-,,
1983.11,,,,,-,-,,,,,-,-,,-,,-,-,-,-,,,,,,,,,-,,-,-,,,,,,-,-,,,-,-,,
1984.01,,,,,-,-,,,,,-,-,,-,,-,-,-,-,,,,,,,,,-,,-,-,,,,,,-,-,,,-,-,,
1984.03,,,,,-,-,,,,,-,-,,-,,-,-,-,-,,,,,,,,,-,,-,-,,,,,,-,-,,,-,-,,
1984.05,,,,,-,-,,,,,-,-,,-,,-,-,-,-,,,,,,,,,-,,-,-,,,,,,-,-,,,-,-,,
1984.07,,,,,-,-,,,,,-,-,,-,,-,-,-,-,,,,,,,,,-,,-,-,,,,,,-,-,,,-,-,,
1984.09,,,,,-,-,,,,,-,-,,-,,-,-,-,-,,,,,,,,,-,,-,-,,,,,,-,-,,,-,-,,
1984.11,,,,,-,-,,,,,-,-,,-,,-,-,-,-,,,,,,,,,-,,-,-,,,,,,-,-,,,-,-,,
1985.01,,,,,-,-,,,,,-,-,,-,,-,-,-,-,,,,,,,,,-,,-,-,,,,,,-,-,,,-,-,,
1985.03,,,,,-,-,,,,,-,-,,-,,-,-,-,-,,,,,,,,,-,,-,-,,,,,,-,-,,,-,-,,
1985.05,,,,,-,-,,,,,-,-,,-,,-,-,-,-,,,,,,,,,-,,-,-,,,,,,-,-,,,-,-,,
1985.07,,,,,-,-,,,,,-,-,,-,,-,-,-,-,,,,,,,,,-,,-,-,,,,,,-,-,,,-,-,,Mihogaseki[2]-35-2-Ozeki Masuiyama II--47-
1985.09,,,,,-,-,,,,,-,-,,-,,-,-,-,-,,,,,,,,,-,,-,-,,,,,,-,-,,,-,-,,Mihogaseki[2]-35-2-Ozeki Masuiyama II--47-
1985.11,,,,,-,-,,,,,-,-,,-,,-,-,-,-,,,,,,,,,-,,-,-,,,,,,-,-,,,-,-,,Mihogaseki[2]-33-2-Ozeki Masuiyama II-BO-47--Yokozuna Kitanoumi-Yamahibiki-Kitanoumi
1986.01,,,,,-,-,,,,,-,-,,-,,-,-,-,-,,,,,,,,,-,,-,-,,,,,,-,,,,-,-,,-
1986.03,,,,,-,-,,,,,-,-,,-,,-,-,-,-,,,,,,,,,-,,-,-,,,,,,-,,,,-,-,,-
1986.05,,,,,-,-,,,,,-,-,,-,,-,-,-,-,,,,,,,,,-,,-,-,,,,,,-,,,,-,-,,-
1986.07,,,,,-,-,,,,,-,-,,-,,-,-,-,-,,,,,,,,,-,,-,-,,,,,,-,-,,,-,-,,-
1986.09,,,,,-,-,,,,,-,-,,-,,-,-,-,-,,,,,,,,,-,,-,-,,,,,,-,-,,,-,-,,-
1986.11,,,,,-,-,,,,,-,-,,-,,-,-,-,-,,,,,,,,,-,,-,-,,,,,,-,-,,,-,-,,-
1987.01,,,,,-,-,,,,,-,-,,-,,-,-,-,-,,,,,,,,,-,,-,-,,,,,,-,-,,,-,-,,-
1987.03,,,,,-,-,,,,,-,-,,-,,-,-,-,-,,,,,,,,,-,,-,-,,,,,,-,-,,,-,-,,-
1987.05,,,,,-,-,,,,,-,-,,-,,-,-,-,-,,,,,,,,,-,,-,Oguruma-8-0-Ozeki Kotokaze-HB-61--Sadogatake[2]-,,,,,,-,-,,,-,-,,-
1987.07,,,,,-,-,,,,,-,-,,-,,-,-,-,-,,,,,,,,,-,,-,Oguruma-9-0-Ozeki Kotokaze--61-,,,,,,-,-,,,-,-,,-
1987.09,,,,,-,-,,,,,-,-,,-,,-,-,-,-,,,,,,,,,-,,-,Oguruma-11-0-Ozeki Kotokaze--61-,,,,,,-,-,,,-,-,,-
1987.11,,,,,-,-,,,,,-,-,,-,,-,-,-,-,,,,,,,,,-,,-,-,,,,,,-,-,,,-,-,,-
1988.01,,,,,-,-,,,,,-,-,,-,,-,-,-,-,,,,,,,,,-,,-,-,,,,,,-,-,,,-,-,,-
1988.03,,,,,-,-,,,,,-,-,,-,,-,-,-,-,,,,,,,,,-,,-,-,,,,,,-,-,,,-,-,,-
1988.05,,,,,-,-,,,,,-,-,,-,,-,-,-,-,,,,,,,,,-,,-,-,,,,,,-,-,,,-,-,,-
1988.07,,,,,-,-,,,,,-,-,,-,,-,-,-,-,,,,,,,,,-,,-,-,,,,,,-,-,,,-,-,,-
1988.09,,,,,-,-,,,,,-,-,,-,,-,-,-,-,,,,,,,,,-,,-,-,,,,,,-,-,,,-,-,,-
1988.11,,,,,-,-,,,,,-,-,,-,,-,-,-,-,,,,,,,,,-,,-,-,,,,,Takanohana-26-4-Yokozuna Wakanohana I--14-Futagoyama,-,-,,,-,-,,-
1989.01,,,,,-,-,,,,,-,-,,-,,-,-,-,-,,,,,,,,,-,,-,-,,,,,Takanohana-24-4-Yokozuna Wakanohana I--14-Futagoyama,-,-,,,-,-,,-
1989.03,,,,,-,-,,,,,-,-,,-,,-,-,-,-,,,,,,,,,-,,-,-,,,,,Takanohana-21-3-Yokozuna Wakanohana I-BO-14-Futagoyama-Yokozuna Takanosato-Tagonoura[3]-Naruto,-,-,,,-,-,,-
1989.05,,,,,-,-,,,,,-,-,,-,,-,Kabutoyama-1-0-Maegashira #1 Daiyu-HB-29--Michinoku[2]-,-,-,,,,,,,,,-,,-,-,,,,,-,-,-,,,-,-,,-
1989.07,,,,,-,-,,,,,-,-,,-,,-,Kabutoyama-1-0-Maegashira #1 Daiyu--29-,-,-,,,,,,,,,-,,-,-,,,,,-,-,-,,,-,-,,-
1989.09,,,,,-,-,,,,,-,-,,-,,-,Kabutoyama-1-0-Maegashira #1 Daiyu--29-,-,-,,,,,,,,,-,,-,-,,,,,-,-,-,,,-,-,,-
1989.11,,,,,-,-,,,Takanohana-19-3-Yokozuna Wakanohana I--14-Futagoyama,,-,-,,-,,-,-,-,-,,,,,,,,,-,,-,-,,,,,-,-,-,,Kasugano-32-2-Yokozuna Tochinishiki--31-,-,-,,-
1990.01,,,,,-,-,,,Takanohana-17-3-Yokozuna Wakanohana I--14-Futagoyama,,-,-,,-,,-,-,-,-,,,,,,,,,-,,-,-,,,,,-,-,-,,Kasugano-32-2-Yokozuna Tochinoumi-HT-31-,-,-,,-
1990.03,,,,,-,-,,,Takanohana-15-3-Yokozuna Wakanohana I-BO-14-Futagoyama-Ozeki Wakashimazu-Hanaregoma[2]-Matsugane,,Kasugayama[2]-11-1-Maegashira #1 Onobori--32-,-,Tamanoi[2]-6-0-Sekiwake Tochiazuma-HB-90--Kasugano-,-,,-,-,-,-,,,,,,,,,-,,-,-,,,,,-,-,-,,Kasugano-31-2-Yokozuna Tochinoumi-BO-31--Sekiwake Tochiazuma-Tamanoi[2]-,-,-,,-
1990.05,,,,,-,-,,,-,,Kasugayama[2]-10-1-Maegashira #1 Onobori--32-,-,Tamanoi[2]-7-0-Sekiwake Tochiazuma--90-,-,,-,-,-,-,,,,,,,,,-,,-,-,,,,,-,-,-,,-,-,-,,-
1990.07,,,,,-,-,,,-,,Kasugayama[2]-9-1-Maegashira #1 Onobori-HS-32--Isegahama[3]-Ajigawa,-,Tamanoi[2]-7-0-Sekiwake Tochiazuma--90-,-,,-,-,-,-,,,,,,,,,-,,-,-,,,,,-,-,-,,-,-,-,,-
1990.09,,,,,-,-,,,-,,-,-,-,-,,-,-,-,-,,,,,,,,,-,,-,-,,,,,-,-,-,,-,-,-,,-
1990.11,,,,,-,-,,,-,,-,-,-,-,,-,-,-,-,,,,,,,,,-,,-,-,,,,,-,-,-,,-,-,-,,-
1991.01,,,,,-,-,,,-,,-,-,-,-,,-,-,-,-,,,,,,,,,-,,-,-,,,,,-,-,-,,-,-,-,,-
1991.03,,,,,-,-,,,-,,-,-,-,-,,-,-,-,-,,,,,,,,,-,,-,-,,,,,-,-,-,,-,-,-,,-
1991.05,,,,,-,-,,,-,,-,-,-,-,,-,-,-,-,,,,,,,,,-,,-,-,,,,,-,-,-,,-,-,-,,-
1991.07,,,,,-,-,,,-,,-,-,-,-,,-,-,-,-,,,,,,,,,-,,-,-,,,,,-,-,-,,-,-,-,,-
1991.09,,,,,-,-,,,-,,-,-,-,-,,-,-,-,-,,,,,,,,,-,,-,-,,,,,-,-,-,,-,-,-,,-
1991.11,,,,,-,-,,,-,,-,-,-,-,,-,-,-,-,,,,,,,,,-,,-,-,,,,,-,-,-,,-,-,-,,-
1992.01,,,,,-,-,,,-,,-,-,-,-,,-,-,-,-,,,,,,,,,-,,-,-,,,Tokitsukaze-33-3-Ozeki Yutakayama--97-,,-,-,-,,-,-,-,,-
1992.03,,,,,-,-,,,-,,-,-,-,-,,-,-,-,-,,,,,,,,,-,,-,-,,,Tokitsukaze-35-3-Ozeki Yutakayama--97-,,-,-,-,,-,-,-,,-
1992.05,,,,,-,-,,,-,,-,-,-,-,,-,-,-,-,,,,,,,,,-,,-,-,,,Tokitsukaze-33-4-Ozeki Yutakayama-BO-97--Komusubi Oshio-Shikihide[3]-,,-,-,-,,-,-,Shikihide[3]-4-0-Komusubi Oshio-HB-78--Tokitsukaze-,,-
1992.07,,,,,-,-,,,-,,-,-,-,-,,-,-,-,-,,,,,,,,,-,,-,-,,,-,,-,-,-,,-,-,Shikihide[3]-5-0-Komusubi Oshio--78-,,-
1992.09,,,,,-,-,,,-,,-,-,-,-,,-,-,-,-,,,,,,,,,-,,-,-,,,-,,-,-,-,,-,-,Shikihide[3]-5-0-Komusubi Oshio--78-,,-
1992.11,,,,,-,-,,,-,Kasugano-33-2-Yokozuna Tochinoumi--31-,-,-,-,-,,-,-,-,-,,,,,,,,,-,,-,-,,,-,,-,-,-,,-,-,-,,-
1993.01,,,,,-,-,,,-,Kasugano-34-2-Yokozuna Tochinoumi--31-,-,-,-,-,,-,-,-,-,,,,,,,,,-,,-,-,,,-,,-,-,-,,-,-,-,,-
1993.03,,,,,-,-,,,-,Kasugano-32-2-Yokozuna Tochinoumi-BO-31--Sekiwake Tochitsukasa-Irumagawa-,-,-,Irumagawa-7-0-Sekiwake Tochitsukasa-HB-23--Kasugano-,-,,-,-,-,-,,,,,,,,,-,,-,-,,,-,,-,-,-,,-,-,-,,-
1993.05,,,,,-,-,,,-,-,-,-,Irumagawa-7-0-Sekiwake Tochitsukasa--23-,-,,-,-,-,-,,,,,,,,,-,,-,-,,,-,,-,-,-,,-,-,-,,-
1993.07,,,,,-,-,,Kokonoe-50-1-Yokozuna Chiyonofuji--40-,-,-,-,-,Irumagawa-7-0-Sekiwake Tochitsukasa--23-,-,,-,-,-,-,,,,,,,,,-,,-,-,,,-,,-,-,-,,-,-,-,,-
1993.09,,,,,-,-,,Kokonoe-51-1-Yokozuna Chiyonofuji--40-,-,-,-,-,-,-,,-,-,-,-,,,,,,,,,-,,-,-,,,-,,-,-,-,,-,-,-,,-
1993.11,,,,,-,-,,Kokonoe-44-1-Yokozuna Chiyonofuji-BO-40--Yokozuna Hokutoumi-Hakkaku-,-,-,-,-,-,-,,Hakkaku-4-0-Yokozuna Hokutoumi-HB-15--Kokonoe-,-,-,-,,,,,,,,,-,,-,-,,,-,,-,-,-,,-,-,-,,-
1994.01,,,,,-,-,,-,-,-,-,-,-,-,,Hakkaku-5-0-Yokozuna Hokutoumi--15-,-,-,-,,,,,,,,,-,,-,-,,,-,,-,-,-,,-,-,-,,-
1994.03,,,,,-,-,,-,-,-,-,-,-,-,,Hakkaku-12-0-Yokozuna Hokutoumi--15-,-,-,-,,,,,,,,,-,,-,-,,,-,,-,-,-,,-,-,-,,-
1994.05,,,,,-,-,,-,-,-,-,-,-,-,,-,-,-,-,,,,,,,,,-,,-,-,,,-,,-,-,-,,-,-,-,,-
1994.07,,,,,-,-,,-,-,-,-,-,-,-,,-,-,-,-,,,,,,,,Oshiogawa[2]-24-2-Ozeki Daikirin--68-,-,,-,-,,,-,,-,-,-,,-,-,-,,-
1994.09,,,,,-,-,,-,-,-,-,-,-,-,,-,-,-,-,,,,,,,,Oshiogawa[2]-23-2-Ozeki Daikirin--68-,-,,-,-,,,-,,-,-,-,,-,-,-,,-
1994.11,,,,,-,-,,-,-,-,-,-,-,-,,-,-,-,-,,,,,,,,Oshiogawa[2]-22-2-Ozeki Daikirin-BO-68--Sekiwake Masurao-Onomatsu-,-,,-,-,,,-,,-,-,-,,-,-,-,,-
1995.01,,,,,-,-,,-,-,-,-,-,-,-,,-,-,-,-,,,,,,,,-,-,,-,-,,,-,,-,-,-,,-,-,-,,-
1995.03,,,,,-,-,,-,-,-,-,-,-,-,,-,-,-,-,,,,,,,,-,-,,-,-,,,-,,-,-,-,,-,-,-,,-
1995.05,,,,,-,-,,-,-,-,-,-,-,-,,-,-,-,-,,,,,,,,-,-,,-,-,,,-,,-,-,-,,-,-,-,,-
1995.07,,,,,-,-,,-,-,-,-,-,-,-,,-,-,-,-,,,,,,,,-,-,,-,-,,,-,,-,-,-,,-,-,-,,-
1995.09,,,,,-,-,,-,-,-,-,-,-,-,,-,-,-,-,,,,,,,,-,-,,-,-,,,-,,-,-,-,,-,-,-,,-
1995.11,,,,,-,-,,-,-,-,-,-,-,-,,-,-,-,-,,,,,,,,-,-,,-,-,,,-,,-,-,-,,-,-,-,,-
1996.01,,,,,-,-,,-,-,-,-,-,-,-,,-,-,-,-,,,,,,,,-,-,,-,-,,,-,,-,-,-,,-,Kumagatani[2]-5-0-Maegashira #8 Yoshinomine--41-,-,,-
1996.03,,,,,-,-,,-,-,-,-,-,-,-,,-,-,-,-,,,,,,,,-,-,,-,-,,,-,,-,-,-,,-,Kumagatani[2]-4-0-Maegashira #8 Yoshinomine--41-,-,,-
1996.05,,,,,-,-,,-,-,-,-,-,-,-,,-,-,-,-,,,,,,,,-,-,,-,-,,,-,,-,-,-,,-,Kumagatani[2]-4-0-Maegashira #8 Yoshinomine-HS-41--Tatsunami-,-,,-
1996.07,,,,,-,-,,-,-,-,-,-,-,-,,-,-,-,-,,,,,,,,-,-,,-,-,,,-,,-,-,-,,-,-,-,,-
1996.09,,,,,-,-,,-,-,-,-,-,-,-,,-,-,-,-,,,,,,,,-,-,,-,-,,,-,,-,-,-,,-,-,-,,-
1996.11,,,,,-,-,,-,-,-,-,-,-,-,,-,-,-,-,,,,,,,,-,-,,-,-,,,-,,-,-,-,,-,-,-,,-
1997.01,,,,,-,-,,-,-,-,-,-,-,-,,-,-,-,-,,,,,,,,-,-,,-,-,,,-,,-,-,-,,-,-,-,,-
1997.03,,,,,-,-,,-,-,-,-,-,-,-,,-,-,-,-,,,,,,,,-,-,,-,-,,,-,,-,-,-,,-,-,-,,-
1997.05,,,,,-,-,,-,-,-,-,-,-,-,,-,-,-,-,,,,,,,,-,-,,-,-,,,-,,-,-,-,,-,-,-,,-
1997.07,,,,,-,-,,-,-,-,-,-,-,-,,-,-,-,-,,,,,,,,-,-,,-,-,,,-,,-,-,-,,-,-,-,,-
1997.09,,,,,-,-,,-,-,-,Kasugayama[3]-1-0-Maegashira #1 Kasugafuji-HB-32--Isegahama[3]-Ajigawa,-,-,-,,-,-,-,-,,,,,,,,-,-,,-,-,,,-,,-,-,-,,-,-,-,,-
1997.11,,,,,-,-,,-,-,-,Kasugayama[3]-2-0-Maegashira #1 Kasugafuji--32-,-,-,-,,-,-,-,-,,,,,,,,-,-,,-,-,,,-,,-,-,-,,-,-,-,,-
1998.01,,,,,-,-,,-,-,-,Kasugayama[3]-2-0-Maegashira #1 Kasugafuji--32-,-,-,-,,-,-,-,-,,,,,,,,-,-,,-,-,,,-,,-,-,-,,-,-,-,,-
1998.03,,,,,-,-,,-,-,-,-,-,-,-,,-,-,-,-,,,,,,,,-,-,,-,-,Dewanoumi-34-6-Sekiwake Washuyama--9-,,-,,-,-,-,,-,-,-,,-
1998.05,,,,,-,-,,-,-,-,-,-,-,-,,-,-,-,-,,,,,,,,-,-,,-,-,Dewanoumi-35-7-Sekiwake Washuyama--9-,,-,,-,-,-,,-,-,-,,-
1998.07,,,,,Sakaigawa-2-0-Komusubi Ryogoku-HB-53-Nakadachi-Dewanoumi-,-,,-,-,-,-,-,-,-,,-,-,-,-,,,,,,Oshima[2]-14-1-Sekiwake Kaiki--99-Tomozuna,,-,-,,-,-,Dewanoumi-32-7-Sekiwake Washuyama-BO-9--Komusubi Ryogoku-Sakaigawa-Nakadachi,,-,,-,-,-,,-,-,-,,-
1998.09,,,,,Sakaigawa-2-0-Komusubi Ryogoku--53-Nakadachi,-,,-,-,-,-,-,-,-,,-,-,-,-,,,,,,Oshima[2]-14-1-Sekiwake Kaiki--99-Tomozuna,,-,-,,-,-,-,,-,,-,-,-,,-,-,-,,-
1998.11,,,,,Sakaigawa-2-0-Komusubi Ryogoku--53-Nakadachi,-,,-,-,-,-,-,-,-,,-,-,-,-,,,,,,Oshima[2]-11-1-Sekiwake Kaiki-BO-99-Tomozuna-Maegashira #2 Daishoyama-Oitekaze[4]-,,-,Oitekaze[4]-2-0-Maegashira #2 Daishoyama-HB-62--Oshima[2]-Tomozuna,,-,-,-,,-,,-,-,-,,-,-,-,,-
1999.01,,,,,-,-,,-,-,-,-,-,-,-,,-,-,-,-,,,,,,-,,-,Oitekaze[4]-2-1-Maegashira #2 Daishoyama--62-,,-,-,-,,-,,-,-,-,,-,-,-,,-
1999.03,,,,,-,-,,-,-,-,-,-,-,-,,-,-,-,-,,,,,,-,,-,Oitekaze[4]-6-0-Maegashira #2 Daishoyama--62-,,-,-,-,Hanaregoma[1]-19-0-Ozeki Kaiketsu--18-,-,,-,-,-,,-,Takekuma[3]-2-0-Sekiwake Kurohimeyama-HB-87--Tatsunami-,-,,-
1999.05,,,,,-,-,,-,-,-,-,-,-,-,,-,-,-,-,,,,,,-,,-,-,,-,-,-,Hanaregoma[1]-19-0-Ozeki Kaiketsu--18-,-,,-,-,-,,-,Takekuma[3]-2-0-Sekiwake Kurohimeyama--87-,-,,-
1999.07,,,,,-,-,,-,-,-,-,-,-,-,,-,-,-,-,,,,,,-,,-,-,,-,-,-,Hanaregoma[1]-16-0-Ozeki Kaiketsu-BO-18--Yokozuna Onokuni-Shibatayama-,-,,-,-,-,,-,Takekuma[3]-2-0-Sekiwake Kurohimeyama--87-,-,,-
1999.09,,,,,-,-,,-,-,-,-,-,-,-,,-,-,-,-,,,,,,-,,-,-,,-,-,-,-,-,,-,-,-,,-,-,-,,-
1999.11,,,,,-,-,,-,-,-,-,-,-,-,,-,-,-,-,,,,,,-,,-,-,,-,-,-,-,-,,-,-,-,,-,-,-,,-
2000.01,,,,,-,-,,-,-,-,-,-,-,-,,-,-,-,-,,,,,,-,,-,-,,-,-,-,-,-,,-,-,-,,-,-,-,,-
2000.03,,,,,Tagonoura[2]-2-0-Maegashira #1 Kushimaumi-HB-82--Dewanoumi-,-,,-,-,-,-,-,-,-,,-,-,-,-,,,,,,-,,-,-,,-,-,-,-,-,,-,-,-,,-,-,-,,-
2000.05,,,,,Tagonoura[2]-2-0-Maegashira #1 Kushimaumi--82-,-,,-,-,-,-,-,-,-,,-,Tatsutagawa-11-3-Sekiwake Aonosato--95-,-,-,,,,,,-,,-,-,,-,-,-,-,-,,-,-,-,,-,-,-,,-
2000.07,,,,,Tagonoura[2]-2-0-Maegashira #1 Kushimaumi--82-,-,,-,-,-,-,-,-,-,,-,Tatsutagawa-11-3-Sekiwake Aonosato--95-,-,-,,,,,,-,,-,-,,-,-,-,-,-,,-,-,-,,-,-,-,,-
2000.09,,,,,-,-,,-,-,-,-,-,-,-,,-,Tatsutagawa-11-2-Sekiwake Aonosato-HS-95--Michinoku[2]-,-,-,,,,,,-,,-,-,,-,-,-,-,-,,-,-,-,,-,-,-,,-
2000.11,,,,,-,-,,-,-,-,-,-,-,-,,-,-,-,-,,,,,,-,,-,-,,-,-,-,-,-,,-,-,-,,-,-,-,,-
2001.01,,,,,-,-,,-,-,-,-,-,-,-,,-,-,-,-,,,,,,-,,-,-,,-,-,-,-,-,,-,-,-,,-,-,-,,-
2001.03,,,,,-,-,,-,-,-,-,-,-,-,,-,-,-,-,,,,,,-,,-,-,,-,-,-,-,-,,-,-,-,,-,-,-,,-
2001.05,,,,,-,-,,-,-,-,-,-,-,-,,-,-,-,-,,,,,,-,,-,-,,-,-,-,-,-,,-,-,-,,-,-,-,,-
2001.07,,,,,-,-,,-,-,-,-,-,-,-,,-,-,-,-,,,,,,-,,-,-,,-,-,-,-,-,,-,-,-,,-,-,-,,-
2001.09,,,,,-,-,,-,-,-,-,-,-,-,,-,-,-,-,,,,,,-,,-,-,,-,-,-,-,-,,-,-,Wakamatsu-15-2-Ozeki Asashio--102-,,-,-,-,,-
2001.11,,,,,-,-,,-,-,-,-,-,-,-,,-,-,-,-,,,,,,-,,-,-,,-,-,-,-,-,,-,-,Wakamatsu-15-2-Ozeki Asashio--102-,,-,-,-,,-
2002.01,,,,,-,-,,-,-,-,-,-,-,-,,-,-,-,-,,,,,,-,,-,-,,-,-,-,-,-,,-,-,Wakamatsu-14-2-Ozeki Asashio-HS-102--Takasago-,,-,-,-,,-
2002.03,,Tokitsukaze-17-3-Ozeki Yutakayama--97-,,,-,-,,-,-,-,-,-,-,-,,-,-,-,-,,,,,,-,,-,-,,-,-,-,-,-,,-,-,-,,-,-,-,,-
2002.05,,Tokitsukaze-18-3-Ozeki Yutakayama--97-,,,-,-,,-,-,-,-,-,-,-,,-,-,-,-,,,,,,-,,-,-,,-,-,-,-,-,,-,-,-,,-,-,-,,-
2002.07,,Tokitsukaze-17-3-Ozeki Yutakayama-BO-97--Komusubi Oyutaka-Arashio-,,,-,-,,-,-,-,-,-,-,-,,-,-,-,-,,,,,,-,,-,-,,-,-,-,-,-,,-,-,-,,-,-,Arashio-1-0-Komusubi Oyutaka-HB-3--Tokitsukaze-,,-
2002.09,,-,,,-,-,,-,-,-,-,-,-,-,,-,-,-,-,,,,Takasago-35-5-Ozeki Asashio--84-,,-,,-,-,,-,-,-,-,-,,-,-,-,,-,-,Arashio-1-0-Komusubi Oyutaka--3-,,-
2002.11,,-,,,-,-,,-,-,-,-,-,-,-,,-,-,-,-,,,,Takasago-31-5-Ozeki Asashio--84-,,-,,-,-,,-,-,-,-,-,,-,-,-,,-,-,Arashio-1-0-Komusubi Oyutaka--3-,,-
2003.01,,-,,,-,-,,-,-,-,-,-,-,-,,-,-,-,-,,,,Takasago-28-5-Ozeki Asashio-BO-84--Sekiwake Mitoizumi-Nishikido-,,-,,-,-,,-,-,-,-,-,,-,-,Nishikido-5-0-Sekiwake Mitoizumi-HB-58--Takasago-,,-,-,-,,-
2003.03,,-,,,-,-,,-,-,-,-,-,-,-,,-,-,-,-,,,,-,,-,,-,-,,-,-,-,-,-,,-,-,Nishikido-5-0-Sekiwake Mitoizumi--58-,,-,-,-,,-
2003.05,,-,,,-,-,,-,-,-,-,-,-,-,,-,-,-,-,,,,-,,-,,-,-,,-,-,-,-,-,,-,-,Nishikido-5-0-Sekiwake Mitoizumi--58-,,-,-,-,,-
2003.07,,-,,,-,-,,-,-,-,-,-,-,-,,-,-,-,-,,,,-,,-,,-,-,,-,-,-,-,-,,-,-,-,,-,-,-,,-
2003.09,,-,,,-,-,,-,-,-,-,-,-,-,Mihogaseki[2]-21-1-Ozeki Masuiyama II--47-,-,-,-,-,,,,-,,-,,-,-,,-,-,-,-,-,,-,-,-,,-,-,-,,-
2003.11,,-,,,-,-,,-,-,-,-,-,-,-,Mihogaseki[2]-21-1-Ozeki Masuiyama II--47-,-,-,-,-,,,,-,,-,,-,-,,-,-,-,-,-,Izutsu[3]-11-0-Sekiwake Sakahoko--27-,-,-,-,,-,-,-,,-
2004.01,,-,,,-,-,,-,-,-,-,-,-,-,Mihogaseki[2]-14-1-Ozeki Masuiyama II-BO-47--Maegashira #1 Higonoumi-Kise[2]-,-,-,-,-,,,,-,,-,,-,-,,-,-,-,-,-,Izutsu[3]-14-0-Sekiwake Sakahoko--27-,-,-,-,,-,-,-,,-
2004.03,,-,,,-,-,,-,-,-,-,-,-,-,-,-,-,-,-,,,,-,,-,,-,-,,-,-,-,-,-,Izutsu[3]-12-0-Sekiwake Sakahoko-BO-27--Sekiwake Terao-Shikoroyama-,-,-,-,,-,-,-,,-
2004.05,,-,,,-,-,,-,-,-,-,-,-,-,-,-,-,-,-,,,,-,,-,,-,-,,-,-,-,-,-,-,-,-,-,,-,-,-,,-
2004.07,,-,,,-,-,,-,-,-,-,-,-,-,-,-,-,-,-,,,,-,,-,,-,-,,-,-,-,-,-,-,-,-,-,,-,-,-,Kasugano-25-3-Sekiwake Tochinowaka--31-,-
2004.09,,-,,,-,-,,-,-,-,-,-,-,-,-,-,-,-,-,,,,-,,-,,-,-,,-,-,-,-,-,-,-,-,-,,-,-,-,Kasugano-24-3-Sekiwake Tochinowaka--31-,-
2004.11,,-,,,-,-,,-,-,-,-,-,Tokiwayama-4-0-Sekiwake Masudayama-HB-7-Chiganoura-Kasugano-,-,-,-,-,-,-,,,,-,,-,,-,-,,-,-,-,-,-,-,-,-,-,,-,-,-,Kasugano-18-3-Sekiwake Tochinowaka-BO-31--Sekiwake Masudayama-Tokiwayama-Chiganoura,-
2005.01,,-,,,-,-,,-,-,-,-,-,Tokiwayama-5-0-Sekiwake Masudayama--7-Chiganoura,-,-,-,-,-,-,,,,-,,-,,-,-,,-,-,-,-,-,-,-,-,-,,-,-,-,-,-
2005.03,,-,,,-,-,,-,-,-,-,-,Tokiwayama-6-0-Sekiwake Masudayama--7-Chiganoura,-,-,-,-,-,-,,,,-,,-,,-,-,,-,-,-,-,-,-,-,-,-,,-,-,-,-,-
2005.05,,-,,,-,-,,-,-,-,-,-,-,-,-,-,-,-,-,,,,-,,-,,-,-,,-,-,-,-,-,-,-,-,-,,-,-,-,-,-
2005.07,,-,,,-,-,,-,-,-,-,-,-,-,-,-,-,-,-,,,,-,,-,,-,-,,-,-,-,-,-,-,-,-,-,,-,-,-,-,-
2005.09,,-,,,-,-,,-,-,-,-,-,-,-,-,-,-,-,-,,,,-,,-,,-,-,,-,-,-,-,-,-,-,-,-,,-,-,-,-,-
2005.11,,-,,,-,-,,-,-,-,-,-,-,-,-,-,-,-,-,,,,-,,-,,-,-,,-,-,-,-,-,-,-,-,-,,-,-,-,-,-
2006.01,,-,,,-,-,,-,-,-,-,-,-,-,-,-,-,-,-,,,,-,,-,,-,-,,-,-,-,-,-,-,-,-,-,,-,-,-,-,Hatachiyama-11-1-Ozeki Hokutenyu--19-
2006.03,,-,,,-,-,,-,-,-,-,-,-,-,-,-,-,-,-,,,,-,,-,,-,-,,-,-,-,-,-,-,-,-,-,,-,-,-,-,Hatachiyama-11-1-Ozeki Hokutenyu--19-
2006.05,,-,,,-,-,,-,-,-,-,-,-,-,-,-,-,-,-,,,,-,,-,Mihogaseki[2]-15-2-Ozeki Masuiyama II--47-,-,-,,-,-,-,-,-,-,-,-,-,,-,-,-,-,Hatachiyama-11-1-Ozeki Hokutenyu-HS-19--Yamahibiki-Kitanoumi
2006.07,,-,,,-,-,,-,-,-,-,-,-,-,-,-,-,-,-,,,,-,,-,Mihogaseki[2]-15-2-Ozeki Masuiyama II--47-,-,-,,-,-,-,-,-,-,-,-,-,,-,-,-,-,-
2006.09,,-,,,-,-,,-,-,-,-,-,-,-,-,-,-,-,-,,,,-,,-,Mihogaseki[2]-9-0-Ozeki Masuiyama II-BO-47--Komusubi Hamanoshima-Onoe-,-,-,,-,-,-,-,-,-,-,-,-,,-,-,-,-,-
2006.11,,-,,,-,-,,-,-,-,-,-,-,-,-,-,-,-,-,,,,-,,-,-,-,-,,-,-,-,-,-,-,-,-,-,,-,-,-,-,-
2007.01,,-,,,-,-,,-,-,-,-,-,-,-,-,-,-,-,-,,,,-,,-,-,-,-,,-,-,-,-,-,-,-,-,-,,-,-,-,-,-
2007.03,,-,,,-,-,,-,-,-,-,-,-,-,-,-,-,-,-,,,,-,,-,-,-,-,,-,-,-,-,-,-,-,-,-,,-,-,-,-,-
2007.05,,-,,,-,-,,-,-,-,-,-,-,-,-,-,-,-,-,,,,-,,-,-,-,-,,-,-,-,-,-,-,-,-,-,,-,-,-,-,-
2007.07,,-,,,-,-,,-,-,-,-,-,-,-,-,-,-,-,-,,,,-,,-,-,-,-,,-,-,-,-,-,-,-,-,-,,-,-,-,-,-
2007.09,,-,,,-,-,,-,-,-,-,-,-,-,-,-,-,-,-,,,,-,,-,-,-,-,,-,-,-,-,-,-,-,-,-,,-,-,-,-,-
2007.11,,-,,,-,-,,-,-,-,-,-,-,-,-,-,-,-,-,,,,-,,-,-,-,-,,-,-,-,-,-,-,-,-,-,,-,-,-,-,-
2008.01,,-,,,-,-,,-,-,-,-,-,-,-,-,-,-,-,-,,,,-,,-,-,-,-,,-,-,-,-,-,-,-,-,-,,-,-,-,-,-
2008.03,,-,,,-,-,,-,-,-,-,-,-,-,-,-,-,-,-,,,,-,,-,-,-,-,,-,-,-,-,-,-,-,-,-,,-,-,-,-,-
2008.05,,-,,,-,-,,-,-,-,-,-,-,-,-,-,-,-,-,,,,-,,-,-,-,-,,-,-,-,-,-,-,-,-,-,,-,-,-,-,-
2008.07,,-,,,-,-,,-,-,-,-,-,-,-,-,-,-,-,-,,,,-,,-,-,-,-,,-,-,-,-,-,-,-,-,-,,-,-,-,-,-
2008.09,,-,,,-,-,,-,-,-,-,-,-,-,-,-,-,-,-,,,,-,,-,-,-,-,,-,-,-,-,-,-,-,-,-,,-,-,-,-,-
2008.11,,-,,,-,-,,-,-,-,-,-,-,-,-,-,-,-,-,,,,-,,-,-,-,-,,-,-,-,-,-,-,-,-,-,,-,-,-,-,-
2009.01,,-,,,-,-,,-,-,-,-,-,-,-,-,-,-,-,-,,,,-,,-,-,-,-,,-,-,-,-,-,-,-,-,-,,-,-,-,-,-
2009.03,,-,,,-,-,,-,-,-,-,-,-,-,-,-,-,-,-,,,,-,,-,-,-,-,,-,-,-,-,-,-,-,-,-,,-,-,-,-,-
2009.05,,-,,,-,-,,-,-,-,-,-,-,-,-,-,-,-,-,,,,-,,-,-,-,-,,-,-,-,-,-,-,-,-,-,,-,-,-,-,-
2009.07,,-,,,-,-,,-,-,-,-,-,-,-,-,-,-,-,-,,,,-,,-,-,-,-,,-,-,-,-,-,-,-,-,-,,-,-,-,-,-
2009.09,,-,,,-,-,,-,-,-,-,-,-,-,-,-,-,-,-,,,,-,,-,-,-,-,,-,-,-,-,-,-,-,-,-,,-,-,-,-,-
2009.11,,-,,,-,-,,-,-,-,-,-,-,-,-,-,-,-,-,,,,-,,-,-,-,-,,-,-,-,-,-,-,-,-,-,,-,-,-,-,-
2010.01,,-,,,-,-,,-,-,-,-,-,-,-,-,-,-,-,-,,,,-,,-,-,-,-,,-,-,-,-,-,-,-,-,-,,-,-,-,-,Kise[2]-26-2-Maegashira #1 Higonoumi--37-
2010.03,,-,,,-,-,,-,-,-,-,-,-,-,Yamahibiki-21-1-Yokozuna Kitanoumi--107-Kitanoumi,-,-,-,-,,,,-,,-,-,-,-,,-,-,-,-,-,-,-,-,-,,-,-,-,-,Kise[2]-27-3-Maegashira #1 Higonoumi--37-
2010.05,,-,,,-,-,,-,-,-,-,-,-,-,Yamahibiki-20-1-Yokozuna Kitanoumi--107-Kitanoumi,-,-,-,-,,,,-,,-,-,-,-,,-,-,-,-,-,-,-,-,-,,-,-,-,-,Kise[2]-27-3-Maegashira #1 Higonoumi-HS-37-
2010.07,,-,,,-,-,,-,-,-,-,-,-,-,Yamahibiki-47-4-Yokozuna Kitanoumi-HM-107-Kitanoumi-Kise[2]-,-,-,-,-,,,,-,,-,-,-,-,,-,-,-,-,-,-,-,-,-,,-,-,-,-,-
2010.09,,-,,,-,-,,-,-,-,-,-,-,-,-,-,-,-,-,,,,-,,-,-,-,-,,-,-,-,-,-,-,-,-,-,,-,-,-,-,-
2010.11,,-,,,-,-,,-,-,-,-,-,-,-,-,-,-,-,-,,,,-,,-,-,-,-,,-,-,-,-,-,-,-,-,-,,-,-,-,-,-
2011.01,,-,,,-,-,,-,-,-,-,-,-,-,-,-,-,-,-,,,,-,,-,-,-,-,,-,-,-,-,-,-,-,-,-,,-,-,-,-,-
2011.05,,-,,,-,-,,-,-,-,-,-,-,-,-,-,-,-,-,,,,-,,-,-,-,-,,-,-,-,-,-,-,-,-,-,,-,-,-,-,-
2011.07,,-,,,-,-,,-,-,-,-,-,-,-,-,-,-,-,-,,,,-,,-,-,-,-,,-,-,-,-,-,-,-,-,-,,-,-,-,-,-
2011.09,,-,,,Tagonoura[2]-9-1-Maegashira #1 Kushimaumi--82-,-,,-,-,-,-,-,Tagonoura[2]-9-1-Maegashira #1 Kushimaumi--82-,-,-,-,-,-,-,,,,-,,-,-,-,-,,-,-,-,-,-,-,-,-,-,,-,-,-,-,-
2011.11,,-,,,Tagonoura[2]-9-1-Maegashira #1 Kushimaumi--82-,-,,-,-,-,-,-,Tagonoura[2]-9-1-Maegashira #1 Kushimaumi--82-,-,-,-,-,-,-,,,,-,,-,-,-,-,,-,-,-,-,-,-,-,-,-,,-,-,-,-,-
2012.01,,-,,,Tagonoura[2]-8-1-Maegashira #1 Kushimaumi-HS-82--Kasugano.Dewanoumi-.,-,,-,-,-,-,-,Tagonoura[2]-8-1-Maegashira #1 Kushimaumi-HS-82--Kasugano.Dewanoumi-.,-,Yamahibiki-44-6-Yokozuna Kitanoumi--107-Kitanoumi,-,-,-,-,,,,-,,-,-,-,Oshima[1]-7-3-Ozeki Asahikuni--67-,,-,-,-,-,-,-,-,-,-,,-,-,-,-,-
2012.03,,-,,,-,-,,-,-,-,-,-,-,-,Yamahibiki-44-5-Yokozuna Kitanoumi--107-Kitanoumi,-,-,-,-,,,,-,,-,-,-,Oshima[1]-7-3-Ozeki Asahikuni--67-,,-,-,-,-,-,-,-,-,-,,-,-,-,-,-
2012.05,,-,,,-,-,,-,-,-,-,-,-,-,Yamahibiki-18-3-Yokozuna Kitanoumi-BO-107-Kitanoumi-Maegashira #1 Higonoumi-Kise[2]-,-,-,-,-,,,,-,,-,-,-,Oshima[1]-7-3-Ozeki Asahikuni-HS-67--Oshima[2]-Tomozuna,,-,-,-,-,-,-,-,-,-,,-,-,-,-,Kise[2]-29-4-Maegashira #1 Higonoumi-HB-37-
2012.07,,-,,,-,-,,-,-,-,-,-,-,-,-,-,-,-,-,,,,-,,-,-,-,-,,-,-,-,-,-,-,-,-,-,,-,-,-,-,Kise[2]-29-4-Maegashira #1 Higonoumi--37-
2012.09,,-,,,-,-,,-,-,-,-,-,-,-,-,-,-,-,-,,,,-,,-,-,-,-,,-,-,-,Hanaregoma[1]-8-0-Ozeki Kaiketsu--18-,-,-,-,-,-,,-,-,-,-,Kise[2]-29-4-Maegashira #1 Higonoumi--37-
2012.11,,-,,,-,-,,-,-,-,Magaki[3]-4-0-Yokozuna Wakanohana II--43-,-,-,-,-,-,-,-,-,,,,-,,-,-,-,-,,-,-,-,Hanaregoma[1]-8-0-Ozeki Kaiketsu--18-,-,-,-,-,-,,-,-,-,-,-
2013.01,,-,,,-,-,,-,-,-,Magaki[3]-4-0-Yokozuna Wakanohana II--43-,-,-,-,-,-,-,-,-,Fujishima[2]-14-2-Ozeki Musoyama--12-,,,-,,-,-,-,-,,-,-,-,Hanaregoma[1]-8-0-Ozeki Kaiketsu-HS-18--Shibatayama-,-,-,-,-,-,,-,-,-,-,-
2013.03,,-,,,-,-,,-,-,-,Magaki[3]-4-0-Yokozuna Wakanohana II-HS-43--Isegahama[3]-,-,-,-,-,-,-,-,-,Fujishima[2]-14-2-Ozeki Musoyama--12-,,,-,,-,-,-,-,,-,-,-,-,-,-,-,-,-,,-,-,-,-,-
2013.05,,-,,,-,Musashigawa-4-0-Yokozuna Musashimaru-HB-52--Fujishima[2]-,,-,-,-,-,-,Mihogaseki[2]-9-1-Ozeki Masuiyama II--47-,-,-,-,-,-,-,Fujishima[2]-11-1-Ozeki Musoyama-BO-12--Yokozuna Musashimaru-Musashigawa-,,,-,,-,-,-,-,,-,-,-,-,-,-,-,-,-,,-,-,-,-,-
2013.07,,-,,,-,Musashigawa-4-0-Yokozuna Musashimaru--52-,,-,-,-,-,-,Mihogaseki[2]-9-1-Ozeki Masuiyama II--47-,-,-,-,-,-,-,-,,,-,,-,-,-,-,,-,-,-,-,-,-,-,-,-,,-,-,-,-,-
2013.09,,-,,,-,Musashigawa-4-0-Yokozuna Musashimaru--52-,,-,-,-,-,-,Mihogaseki[2]-8-1-Ozeki Masuiyama II-HS-47--Kasugano-,-,-,-,-,-,-,-,,,-,,-,-,-,-,,-,-,-,-,-,-,-,-,-,,-,-,-,-,-
2013.11,,-,,Oshima[2]-16-4-Sekiwake Kaiki--99-Tomozuna,-,-,,-,-,-,-,-,-,-,-,-,-,-,-,-,,,-,,-,-,-,-,,-,-,-,-,-,-,-,-,-,,-,-,-,-,-
2014.01,,-,,Oshima[2]-16-4-Sekiwake Kaiki--99-Tomozuna,-,-,,-,-,-,-,-,-,-,-,-,-,-,-,-,,,-,,-,-,-,-,,-,-,-,-,-,-,-,-,-,,-,-,-,-,-
2014.03,,-,,Oshima[2]-12-4-Sekiwake Kaiki-BO-99-Tomozuna-Ozeki Kaio-Asakayama-,-,-,,-,-,-,-,-,-,-,-,-,-,-,-,-,,,-,,-,-,-,Asakayama-4-0-Ozeki Kaio-HB-5--Oshima[2]-Tomozuna,,-,-,-,-,-,-,-,-,-,,-,-,-,-,-
2014.05,,-,,-,-,-,,-,-,-,-,-,-,-,-,-,-,-,-,-,,,-,,-,-,-,Asakayama-4-0-Ozeki Kaio--5-,,-,-,-,-,-,-,-,-,-,,-,-,-,-,-
2014.07,,-,,-,-,-,,-,-,-,-,-,-,-,-,-,-,-,-,-,,,-,,-,-,-,Asakayama-4-0-Ozeki Kaio--5-,,-,-,-,-,-,-,-,-,-,,-,-,-,-,-
2014.09,,-,,-,-,-,,-,-,-,Asahiyama[1]-7-0-Ozeki Daiju--4-,-,-,-,-,-,-,-,-,-,,,-,,-,-,-,-,,-,-,-,-,-,-,-,-,-,,-,-,-,-,-
2014.11,,-,,-,-,-,,-,-,-,Asahiyama[1]-7-0-Ozeki Daiju--4-,-,-,-,-,-,-,-,-,-,,,-,,-,-,-,-,,-,-,-,-,-,-,-,-,-,,-,-,-,-,-
2015.01,,-,,-,-,-,,-,-,-,Asahiyama[1]-7-0-Ozeki Daiju-HS-4--Isegahama[3]-,-,-,-,-,-,-,-,-,-,,,-,,-,-,-,-,,-,-,-,-,-,-,-,-,-,,-,-,-,-,-
2015.03,,-,,-,-,-,,-,-,-,-,-,-,-,-,-,-,-,-,-,,,-,,-,-,-,-,,-,-,-,-,-,-,-,-,-,,-,-,-,-,-
2015.05,,-,,-,-,-,,-,-,-,-,-,-,-,-,-,-,-,-,-,,,-,,-,-,-,-,,-,-,-,-,-,-,-,-,-,,-,-,-,-,-
2015.07,,-,,-,-,-,,-,-,-,-,-,-,-,-,-,-,-,-,-,,,-,,-,-,-,-,,-,-,-,-,-,-,-,-,-,,-,-,-,-,-
2015.09,,-,,-,-,-,,-,-,-,-,-,-,-,-,-,-,-,-,-,,,-,,-,-,-,-,,-,-,-,-,-,-,-,-,-,,-,-,-,-,-
2015.11,,-,,-,-,-,,-,-,-,-,-,-,-,-,-,-,-,-,-,,,-,,-,-,-,-,,-,-,-,-,-,-,-,-,-,,-,-,-,-,-
2016.01,,-,Oguruma-13-3-Ozeki Kotokaze--61-,-,-,-,,-,-,-,-,-,-,-,-,-,-,-,-,-,,,-,,-,-,-,-,,-,-,-,-,-,-,-,-,-,,-,-,-,-,-
2016.03,,-,Oguruma-16-3-Ozeki Kotokaze--61-,-,-,-,,-,-,-,-,-,-,-,-,-,-,-,-,-,,,-,,-,-,-,-,,-,-,-,-,-,-,-,-,-,,-,-,-,-,-
2016.05,,-,Oguruma-17-3-Ozeki Kotokaze-BO-61--Sekiwake Kotonishiki-Asahiyama[2]-,-,-,-,,-,-,-,-,-,-,-,-,-,-,-,-,-,,,-,,Kasugayama[3]-23-0-Maegashira #11 Hamanishiki--32-,-,-,-,,-,-,-,-,-,-,-,-,-,,-,-,-,-,-
2016.07,,-,-,-,-,-,,-,-,-,-,-,-,-,-,-,-,-,-,-,,,-,,Kasugayama[3]-23-0-Maegashira #11 Hamanishiki--32-,-,-,-,,-,-,-,-,-,-,-,-,-,,-,-,-,-,-
2016.09,,-,-,-,-,-,,-,-,-,-,-,-,-,-,-,-,-,-,-,,,-,,Kasugayama[3]-23-0-Maegashira #11 Hamanishiki-HS-32--Oitekaze[4]-,-,-,-,,-,-,-,-,-,-,-,-,-,,-,-,-,-,-
2016.11,,-,-,-,-,-,,-,-,-,-,-,-,-,-,-,-,-,-,-,,,-,,-,-,-,-,,-,-,-,-,-,-,-,-,-,,-,-,-,-,-
2017.01,,-,-,-,-,-,,-,-,-,-,-,-,-,-,-,-,-,-,-,Sadogatake[2]-39-3-Sekiwake Kotonowaka--72-,,-,,-,-,-,-,,-,-,-,-,-,-,-,-,-,,-,-,-,-,-
2017.03,,-,-,-,-,-,,-,-,-,-,-,-,-,-,-,-,-,-,-,Sadogatake[2]-45-3-Sekiwake Kotonowaka--72-,,-,,Nakagawa[4]-9-0-Maegashira #14 Asahisato-HB-54--Oitekaze[4]-,-,-,-,,-,-,-,-,-,-,-,-,-,,-,-,-,-,-
2017.05,,-,-,-,-,-,,-,-,-,-,-,-,-,-,-,-,-,-,-,Sadogatake[2]-43-3-Sekiwake Kotonowaka-BO-72--Ozeki Kotooshu-Naruto-,,-,,Nakagawa[4]-9-0-Maegashira #14 Asahisato--54-,-,-,-,,-,Naruto-3-0-Ozeki Kotooshu-HB-56--Sadogatake[2]-,-,-,-,-,-,-,-,,-,-,-,-,-
2017.07,,-,-,-,-,-,,-,-,-,-,-,-,-,-,-,-,-,-,-,-,,-,,Nakagawa[4]-9-0-Maegashira #14 Asahisato--54-,-,-,-,,-,Naruto-4-0-Ozeki Kotooshu--56-,-,-,-,-,-,-,-,,-,-,-,-,-
2017.09,,-,-,-,-,-,,-,-,-,-,-,-,-,-,-,-,-,-,-,-,,-,,-,-,-,-,,-,Naruto-4-0-Ozeki Kotooshu--56-,-,-,-,-,-,-,-,,-,-,-,-,-
2017.11,,-,-,-,-,-,,-,-,-,-,-,-,-,-,-,-,-,-,-,-,Tagonoura[3]-13-2-Maegashira #8 Takanotsuru--82-,-,,-,-,-,-,,-,-,-,-,-,-,-,-,-,,-,-,-,-,-
2018.01,,-,-,-,-,-,Fujishima[2]-16-0-Ozeki Musoyama--12-,-,-,-,-,-,-,-,-,-,-,-,-,-,-,Tagonoura[3]-13-2-Maegashira #8 Takanotsuru--82-,-,,-,-,-,-,,-,-,-,-,-,-,-,-,-,,-,-,-,-,-
2018.03,,-,-,-,-,-,Fujishima[2]-18-0-Ozeki Musoyama--12-,-,-,-,-,-,-,-,-,-,-,-,-,-,-,Tagonoura[3]-13-2-Maegashira #8 Takanotsuru-BO-82--Sekiwake Wakanosato-Nishiiwa-,-,,-,-,-,-,,-,-,-,-,-,-,Nishiiwa-5-0-Sekiwake Wakanosato-HB-57--Tagonoura[3]-,-,-,,-,-,-,-,-
2018.05,,-,-,-,-,Futagoyama[2]-7-0-Ozeki Miyabiyama-HB-14--Fujishima[2]-,Fujishima[2]-12-0-Ozeki Musoyama-BO-12--Ozeki Miyabiyama-Futagoyama[2]-,-,-,-,-,-,-,-,-,-,-,-,-,-,-,-,-,,-,-,-,-,,-,-,-,-,-,-,Nishiiwa-7-0-Sekiwake Wakanosato--57-,-,-,,-,-,-,Takanohana-10-3-Yokozuna Takanohana--108-,-
2018.07,,-,-,-,-,Futagoyama[2]-6-0-Ozeki Miyabiyama--14-,-,-,-,-,-,-,-,-,-,-,-,-,-,-,-,-,-,,-,-,-,-,,-,-,-,-,-,-,Nishiiwa-7-0-Sekiwake Wakanosato--57-,-,-,,-,-,-,Takanohana-9-3-Yokozuna Takanohana--108-,-
2018.09,,-,-,-,-,Futagoyama[2]-7-0-Ozeki Miyabiyama--14-,-,-,-,-,-,-,-,-,-,-,-,-,-,-,-,-,-,,-,-,-,-,,-,-,-,-,-,-,-,-,-,,-,-,-,Takanohana-8-3-Yokozuna Takanohana-HS-108--Tokiwayama-Chiganoura,-
2018.11,,-,-,-,-,-,-,-,-,-,-,-,-,-,-,-,-,-,-,-,-,-,-,,-,-,-,-,,-,-,-,-,-,-,-,-,-,,-,-,-,-,-
2019.01,,-,-,-,-,-,-,-,-,-,-,-,-,-,-,-,-,-,-,-,-,-,-,,-,-,-,-,,-,-,-,-,-,-,-,-,-,,-,-,-,-,-
2019.03,,-,-,-,-,-,-,-,-,-,-,-,-,-,-,-,-,-,-,-,-,-,-,,-,-,-,-,,-,-,-,-,-,-,-,-,-,,-,-,-,-,-
2019.05,,-,-,-,-,-,-,-,-,-,-,-,-,-,-,-,Izutsu[3]-3-1-Sekiwake Sakahoko--27-,-,-,-,-,-,-,,-,-,-,-,,-,-,-,-,-,-,-,-,-,,-,-,-,-,-
2019.07,,-,-,-,-,-,-,-,-,-,-,-,-,-,-,-,Izutsu[3]-3-1-Sekiwake Sakahoko--27-,-,-,-,-,-,-,,-,-,-,-,,-,-,-,-,-,-,-,-,-,,-,-,-,-,-
2019.09,,-,-,-,-,-,-,-,-,-,-,-,-,-,-,-,Izutsu[3]-3-1-Sekiwake Sakahoko-HS-27--Michinoku[2]-,-,-,-,-,-,-,,-,-,-,-,,-,-,-,-,-,-,-,-,-,,-,-,-,-,-
2019.11,,-,-,-,-,-,-,-,-,-,-,-,-,-,-,-,-,-,-,-,-,-,-,,-,-,-,-,,-,-,-,-,-,-,-,-,-,,-,-,-,-,-
2020.01,,-,-,-,-,-,-,-,-,-,-,-,-,Nakagawa[4]-10-0-Maegashira #14 Asahisato--54-,-,-,-,-,Nakagawa[4]-10-0-Maegashira #14 Asahisato--54-,-,-,-,-,,Nakagawa[4]-10-0-Maegashira #14 Asahisato--54-,-,-,Nakagawa[4]-10-0-Maegashira #14 Asahisato--54-,,-,-,-,-,-,-,-,-,-,,-,-,Nakagawa[4]-10-0-Maegashira #14 Asahisato--54-,-,-
2020.03,,-,Nakagawa[4]-10-0-Maegashira #14 Asahisato--54-,-,-,-,-,-,-,-,-,-,-,Nakagawa[4]-10-0-Maegashira #14 Asahisato--54-,-,-,-,-,Nakagawa[4]-10-0-Maegashira #14 Asahisato--54-,-,-,-,-,,Nakagawa[4]-10-0-Maegashira #14 Asahisato--54-,-,-,Nakagawa[4]-10-0-Maegashira #14 Asahisato--54-,,-,-,-,-,-,-,-,-,-,,-,-,Nakagawa[4]-10-0-Maegashira #14 Asahisato--54-,-,-
2020.07,,-,Nakagawa[4]-10-0-Maegashira #14 Asahisato--54-,-,-,-,-,-,-,-,-,-,-,Nakagawa[4]-9-0-Maegashira #14 Asahisato-HS-54--Asahiyama[2].Oshima[2].Miyagino[2].Tokitsukaze.Kataonami.Oitekaze[4]-.Tomozuna....,-,-,-,-,Nakagawa[4]-9-0-Maegashira #14 Asahisato-HS-54--Asahiyama[2].Oshima[2].Miyagino[2].Tokitsukaze.Kataonami.Oitekaze[4]-.Tomozuna....,-,-,-,-,,Nakagawa[4]-9-0-Maegashira #14 Asahisato-HS-54--Asahiyama[2].Oshima[2].Miyagino[2].Tokitsukaze.Kataonami.Oitekaze[4]-.Tomozuna....,-,-,Nakagawa[4]-9-0-Maegashira #14 Asahisato-HS-54--Asahiyama[2].Oshima[2].Miyagino[2].Tokitsukaze.Kataonami.Oitekaze[4]-.Tomozuna....,,-,-,-,-,-,-,-,-,-,,-,-,Nakagawa[4]-9-0-Maegashira #14 Asahisato-HS-54--Asahiyama[2].Oshima[2].Miyagino[2].Tokitsukaze.Kataonami.Oitekaze[4]-.Tomozuna....,-,-
2020.09,,-,Nakagawa[4]-9-0-Maegashira #14 Asahisato-HS-54--Asahiyama[2].Oshima[2].Miyagino[2].Tokitsukaze.Kataonami.Oitekaze[4]-.Tomozuna....,-,-,-,-,Azumazeki-7-0-Komusubi Takamisakari--6-,-,-,-,-,-,-,-,-,-,-,-,-,-,-,-,,-,-,-,-,,-,-,-,-,-,-,-,-,-,,-,-,-,-,-
2020.11,,-,-,-,-,-,-,Azumazeki-7-0-Komusubi Takamisakari--6-,-,-,-,-,-,-,-,-,-,-,-,-,-,-,-,,-,-,-,-,,-,-,-,Minezaki-8-0-Maegashira #2 Misugiiso--50-,-,-,-,-,-,,-,-,-,-,-
2021.01,,-,-,-,-,-,-,Azumazeki-7-0-Komusubi Takamisakari-HS-6--Hakkaku-,-,-,-,-,-,-,-,-,-,-,-,-,-,-,-,,-,-,-,-,,-,-,-,Minezaki-7-0-Maegashira #2 Misugiiso--50-,-,-,-,-,-,,-,-,-,-,-
2021.03,,-,-,-,-,-,-,-,-,-,-,Kagamiyama-2-0-Sekiwake Tagaryu--30-,-,-,-,-,-,-,-,-,-,-,-,,-,-,-,-,,-,-,-,Minezaki-7-0-Maegashira #2 Misugiiso-HS-50--Shibatayama-,-,-,-,-,-,,-,-,-,-,-
2021.05,,-,-,-,-,-,-,-,-,-,-,Kagamiyama-2-0-Sekiwake Tagaryu--30-,-,-,-,-,-,-,-,-,-,-,-,Tagonoura[3]-18-1-Maegashira #8 Takanotsuru--82-,-,-,-,-,,-,-,-,-,-,-,-,-,-,,-,-,-,-,-
2021.07,,-,-,-,-,-,-,-,-,-,-,Kagamiyama-2-0-Sekiwake Tagaryu-HS-30--Isenoumi[3]-,-,-,-,-,-,-,-,-,-,-,-,Tagonoura[3]-18-1-Maegashira #8 Takanotsuru--82-,-,-,-,-,,-,-,-,-,-,-,-,-,-,,-,-,-,-,-
2021.09,,-,-,-,-,-,-,-,-,-,-,-,-,-,-,-,-,-,-,-,-,-,-,Tagonoura[3]-14-1-Maegashira #8 Takanotsuru-BO-82--Yokozuna Kisenosato-Nishonoseki[3]-Araiso,-,-,-,-,Oguruma-14-1-Ozeki Kotokaze--61-,-,-,-,-,-,-,Nishonoseki[3]-4-0-Yokozuna Kisenosato-HB-2-Araiso-Tagonoura[3]-,-,-,,-,-,-,-,-
2021.11,,-,-,-,-,-,-,-,-,-,-,-,-,-,-,-,-,-,-,-,-,-,-,-,-,-,-,-,Oguruma-14-1-Ozeki Kotokaze--61-,-,-,-,-,-,-,Nishonoseki[3]-4-0-Yokozuna Kisenosato--2-Araiso,-,-,Sakaigawa-23-3-Komusubi Ryogoku--73-,-,-,-,-,-
2022.01,,-,-,-,-,-,-,-,-,-,-,-,-,-,-,-,-,-,-,-,-,-,-,Oguruma-14-1-Ozeki Kotokaze-HSBO-61--Nishonoseki[3]--Oshiogawa[3]-,-,-,-,-,Oguruma-14-1-Ozeki Kotokaze-HSBO-61--Nishonoseki[3]--Oshiogawa[3]-,-,-,-,-,-,-,Nishonoseki[3]-5-0-Yokozuna Kisenosato--60-,-,-,Sakaigawa-23-3-Komusubi Ryogoku--73-,-,-,-,-,-
2022.03,,-,-,-,-,-,-,-,-,-,-,-,-,-,-,-,-,-,-,-,-,-,-,-,-,-,-,-,-,-,-,Takekuma[4]-4-0-Ozeki Goeido-HB-87--Sakaigawa-,-,-,-,-,-,-,Sakaigawa-21-3-Komusubi Ryogoku-BO-73--Ozeki Goeido-Takekuma[4]-,-,-,-,-,-
2022.05,,-,-,-,-,-,-,-,-,-,-,-,-,-,-,-,-,-,-,-,-,-,-,-,-,-,-,-,-,-,-,Takekuma[4]-4-0-Ozeki Goeido--87-,-,-,-,-,-,-,-,-,-,-,-,-
2022.07,,-,-,-,-,-,-,-,-,-,-,-,-,-,-,-,-,-,-,-,-,-,-,-,-,-,-,-,-,-,-,Takekuma[4]-4-1-Ozeki Goeido--87-,-,-,-,-,-,-,-,-,-,-,-,-
